ProductID,ProductName,Category,YearMonth,YearWeek,TotalUnitsSold,TotalRevenue,AvgDailySales,SaleDays
1,Microcontroller Unit v01,Electronics,2022-01,2022-W00,156,59796.36000000001,9.75,16
1,Microcontroller Unit v01,Electronics,2022-02,2022-W05,145,55579.950000000004,9.67,15
1,Microcontroller Unit v01,Electronics,2022-03,2022-W09,168,64396.079999999994,11.2,15
1,Microcontroller Unit v01,Electronics,2022-04,2022-W13,197,75512.07,15.15,13
1,Microcontroller Unit v01,Electronics,2022-05,2022-W17,377,144507.87,18.85,20
1,Microcontroller Unit v01,Electronics,2022-06,2022-W22,339,129942.09,17.84,19
1,Microcontroller Unit v01,Electronics,2022-07,2022-W26,321,123042.51,15.29,21
1,Microcontroller Unit v01,Electronics,2022-08,2022-W31,288,110393.27999999998,16.0,18
1,Microcontroller Unit v01,Electronics,2022-09,2022-W35,227,87011.37000000001,16.21,14
1,Microcontroller Unit v01,Electronics,2022-10,2022-W39,214,82028.34,12.59,17
1,Microcontroller Unit v01,Electronics,2022-11,2022-W44,196,75128.76000000001,13.07,15
1,Microcontroller Unit v01,Electronics,2022-12,2022-W48,223,85478.13000000002,13.12,17
1,Microcontroller Unit v01,Electronics,2023-01,2023-W01,205,78578.55,11.39,18
1,Microcontroller Unit v01,Electronics,2023-02,2023-W05,161,61712.909999999996,9.47,17
1,Microcontroller Unit v01,Electronics,2023-03,2023-W09,221,84711.50999999998,13.81,16
1,Microcontroller Unit v01,Electronics,2023-04,2023-W13,369,141441.39,17.57,21
1,Microcontroller Unit v01,Electronics,2023-05,2023-W18,351,134541.81,20.65,17
1,Microcontroller Unit v01,Electronics,2023-06,2023-W22,315,120742.65000000001,18.53,17
1,Microcontroller Unit v01,Electronics,2023-07,2023-W26,275,105410.25000000001,17.19,16
1,Microcontroller Unit v01,Electronics,2023-08,2023-W31,351,134541.81,17.55,20
1,Microcontroller Unit v01,Electronics,2023-09,2023-W35,270,103493.7,16.88,16
1,Microcontroller Unit v01,Electronics,2023-10,2023-W40,226,86628.06,14.13,16
1,Microcontroller Unit v01,Electronics,2023-11,2023-W44,252,96594.12,14.0,18
1,Microcontroller Unit v01,Electronics,2023-12,2023-W48,239,91611.09,12.58,19
2,RFID Scanner v02,Electronics,2022-01,2022-W00,304,93899.52000000002,13.22,23
2,RFID Scanner v02,Electronics,2022-02,2022-W05,176,54362.87999999999,11.73,15
2,RFID Scanner v02,Electronics,2022-03,2022-W09,325,100386.0,14.13,23
2,RFID Scanner v02,Electronics,2022-04,2022-W13,354,109343.51999999999,16.86,21
2,RFID Scanner v02,Electronics,2022-05,2022-W18,374,115521.12000000004,18.7,20
2,RFID Scanner v02,Electronics,2022-06,2022-W22,408,126023.04000000001,19.43,21
2,RFID Scanner v02,Electronics,2022-07,2022-W26,301,92972.88,17.71,17
2,RFID Scanner v02,Electronics,2022-08,2022-W31,355,109652.40000000001,17.75,20
2,RFID Scanner v02,Electronics,2022-09,2022-W35,294,90810.71999999999,17.29,17
2,RFID Scanner v02,Electronics,2022-10,2022-W39,359,110887.92000000001,17.1,21
2,RFID Scanner v02,Electronics,2022-11,2022-W44,350,108108.0,15.91,22
2,RFID Scanner v02,Electronics,2022-12,2022-W48,279,86177.52,15.5,18
2,RFID Scanner v02,Electronics,2023-01,2023-W01,256,79073.27999999998,14.22,18
2,RFID Scanner v02,Electronics,2023-02,2023-W05,206,63629.280000000006,14.71,14
2,RFID Scanner v02,Electronics,2023-03,2023-W09,312,96370.56,14.86,21
2,RFID Scanner v02,Electronics,2023-04,2023-W14,321,99150.47999999998,18.88,17
2,RFID Scanner v02,Electronics,2023-05,2023-W18,468,144555.84000000003,21.27,22
2,RFID Scanner v02,Electronics,2023-06,2023-W23,307,94826.16000000002,21.93,14
2,RFID Scanner v02,Electronics,2023-07,2023-W26,346,106872.48,19.22,18
2,RFID Scanner v02,Electronics,2023-08,2023-W31,377,116447.76,19.84,19
2,RFID Scanner v02,Electronics,2023-09,2023-W35,454,140231.52,19.74,23
2,RFID Scanner v02,Electronics,2023-10,2023-W39,433,133745.04,18.83,23
2,RFID Scanner v02,Electronics,2023-11,2023-W44,368,113667.84,19.37,19
2,RFID Scanner v02,Electronics,2023-12,2023-W48,366,113050.08000000002,17.43,21
3,Barcode Reader v03,Electronics,2022-01,2022-W00,217,91027.16000000002,12.76,17
3,Barcode Reader v03,Electronics,2022-02,2022-W05,212,88929.75999999998,11.78,18
3,Barcode Reader v03,Electronics,2022-03,2022-W09,335,140525.8,13.96,24
3,Barcode Reader v03,Electronics,2022-04,2022-W13,446,187088.07999999996,17.84,25
3,Barcode Reader v03,Electronics,2022-05,2022-W17,525,220227.0,20.19,26
3,Barcode Reader v03,Electronics,2022-06,2022-W22,351,147237.48000000004,18.47,19
3,Barcode Reader v03,Electronics,2022-07,2022-W26,426,178698.48000000004,18.52,23
3,Barcode Reader v03,Electronics,2022-08,2022-W31,442,185410.16000000003,18.42,24
3,Barcode Reader v03,Electronics,2022-09,2022-W35,448,187927.04,17.23,26
3,Barcode Reader v03,Electronics,2022-10,2022-W39,369,154788.12000000002,15.38,24
3,Barcode Reader v03,Electronics,2022-11,2022-W44,332,139267.36000000002,15.81,21
3,Barcode Reader v03,Electronics,2022-12,2022-W48,373,156466.04,15.54,24
3,Barcode Reader v03,Electronics,2023-01,2023-W00,286,119971.28000000003,14.3,20
3,Barcode Reader v03,Electronics,2023-02,2023-W05,247,103611.56000000001,13.72,18
3,Barcode Reader v03,Electronics,2023-03,2023-W09,358,150173.84,14.32,25
3,Barcode Reader v03,Electronics,2023-04,2023-W13,369,154788.12,19.42,19
3,Barcode Reader v03,Electronics,2023-05,2023-W18,523,219388.04000000007,20.92,25
3,Barcode Reader v03,Electronics,2023-06,2023-W22,428,179537.43999999997,22.53,19
3,Barcode Reader v03,Electronics,2023-07,2023-W27,413,173245.24,19.67,21
3,Barcode Reader v03,Electronics,2023-08,2023-W31,407,170728.35999999996,21.42,19
3,Barcode Reader v03,Electronics,2023-09,2023-W35,369,154788.12000000005,19.42,19
3,Barcode Reader v03,Electronics,2023-10,2023-W39,439,184151.72,18.29,24
3,Barcode Reader v03,Electronics,2023-11,2023-W44,386,161919.27999999997,18.38,21
3,Barcode Reader v03,Electronics,2023-12,2023-W48,433,181634.84,18.04,24
4,LED Display Module v04,Electronics,2022-01,2022-W00,117,26527.41,4.88,24
4,LED Display Module v04,Electronics,2022-02,2022-W05,86,19498.780000000002,4.53,19
4,LED Display Module v04,Electronics,2022-03,2022-W09,74,16778.019999999997,5.29,14
4,LED Display Module v04,Electronics,2022-04,2022-W13,151,34236.23,7.55,20
4,LED Display Module v04,Electronics,2022-05,2022-W17,101,22899.73,8.42,12
4,LED Display Module v04,Electronics,2022-06,2022-W22,111,25167.03,8.54,13
4,LED Display Module v04,Electronics,2022-07,2022-W26,171,38770.83,7.43,23
4,LED Display Module v04,Electronics,2022-08,2022-W31,106,24033.38,7.57,14
4,LED Display Module v04,Electronics,2022-09,2022-W35,145,32875.850000000006,7.63,19
4,LED Display Module v04,Electronics,2022-10,2022-W40,118,26754.14000000001,6.21,19
4,LED Display Module v04,Electronics,2022-11,2022-W44,119,26980.870000000006,6.26,19
4,LED Display Module v04,Electronics,2022-12,2022-W48,113,25620.490000000005,6.28,18
4,LED Display Module v04,Electronics,2023-01,2023-W00,75,17004.749999999996,5.36,14
4,LED Display Module v04,Electronics,2023-02,2023-W05,75,17004.75,5.36,14
4,LED Display Module v04,Electronics,2023-03,2023-W09,114,25847.220000000005,5.7,20
4,LED Display Module v04,Electronics,2023-04,2023-W13,132,29928.36,7.76,17
4,LED Display Module v04,Electronics,2023-05,2023-W18,141,31968.93,8.81,16
4,LED Display Module v04,Electronics,2023-06,2023-W22,89,20178.97,8.9,10
4,LED Display Module v04,Electronics,2023-07,2023-W26,150,34009.5,8.82,17
4,LED Display Module v04,Electronics,2023-08,2023-W31,115,26073.95,8.85,13
4,LED Display Module v04,Electronics,2023-09,2023-W35,159,36050.06999999999,7.95,20
4,LED Display Module v04,Electronics,2023-10,2023-W39,120,27207.600000000002,7.06,17
4,LED Display Module v04,Electronics,2023-11,2023-W44,121,27434.33,6.72,18
4,LED Display Module v04,Electronics,2023-12,2023-W48,124,28114.520000000008,6.89,18
5,Ethernet Switch v05,Electronics,2022-01,2022-W00,354,128232.95999999999,13.11,27
5,Ethernet Switch v05,Electronics,2022-02,2022-W05,251,90922.23999999999,12.55,20
5,Ethernet Switch v05,Electronics,2022-03,2022-W09,411,148880.64,15.22,27
5,Ethernet Switch v05,Electronics,2022-04,2022-W13,540,195609.6,20.0,27
5,Ethernet Switch v05,Electronics,2022-05,2022-W18,477,172788.48,20.74,23
5,Ethernet Switch v05,Electronics,2022-06,2022-W22,564,204303.36000000002,20.14,28
5,Ethernet Switch v05,Electronics,2022-07,2022-W26,415,150329.59999999998,18.04,23
5,Ethernet Switch v05,Electronics,2022-08,2022-W31,478,173150.71999999997,18.38,26
5,Ethernet Switch v05,Electronics,2022-09,2022-W35,499,180757.75999999995,18.48,27
5,Ethernet Switch v05,Electronics,2022-10,2022-W39,371,134391.03999999998,16.86,22
5,Ethernet Switch v05,Electronics,2022-11,2022-W44,383,138737.91999999998,16.65,23
5,Ethernet Switch v05,Electronics,2022-12,2022-W48,412,149242.87999999998,16.48,25
5,Ethernet Switch v05,Electronics,2023-01,2023-W00,324,117365.76000000001,14.73,22
5,Ethernet Switch v05,Electronics,2023-02,2023-W05,332,120263.68000000002,13.83,24
5,Ethernet Switch v05,Electronics,2023-03,2023-W09,431,156125.43999999997,16.58,26
5,Ethernet Switch v05,Electronics,2023-04,2023-W13,505,182931.19999999998,21.96,23
5,Ethernet Switch v05,Electronics,2023-05,2023-W18,620,224588.79999999996,23.85,26
5,Ethernet Switch v05,Electronics,2023-06,2023-W22,603,218430.72,22.33,27
5,Ethernet Switch v05,Electronics,2023-07,2023-W27,476,172426.24,21.64,22
5,Ethernet Switch v05,Electronics,2023-08,2023-W31,500,181120.0,20.83,24
5,Ethernet Switch v05,Electronics,2023-09,2023-W35,497,180033.27999999997,20.71,24
5,Ethernet Switch v05,Electronics,2023-10,2023-W39,530,191987.19999999998,20.38,26
5,Ethernet Switch v05,Electronics,2023-11,2023-W44,368,133304.32,17.52,21
5,Ethernet Switch v05,Electronics,2023-12,2023-W48,491,177859.84000000003,18.88,26
6,USB Hub Pro v06,Electronics,2022-01,2022-W00,454,59964.32,18.92,24
6,USB Hub Pro v06,Electronics,2022-02,2022-W05,319,42133.51999999999,16.79,19
6,USB Hub Pro v06,Electronics,2022-03,2022-W09,417,55077.35999999999,20.85,20
6,USB Hub Pro v06,Electronics,2022-04,2022-W13,813,107381.04,31.27,26
6,USB Hub Pro v06,Electronics,2022-05,2022-W17,811,107116.88000000002,33.79,24
6,USB Hub Pro v06,Electronics,2022-06,2022-W22,782,103286.56,34.0,23
6,USB Hub Pro v06,Electronics,2022-07,2022-W26,739,97607.12000000002,29.56,25
6,USB Hub Pro v06,Electronics,2022-08,2022-W31,647,85455.76000000001,30.81,21
6,USB Hub Pro v06,Electronics,2022-09,2022-W35,511,67492.88,28.39,18
6,USB Hub Pro v06,Electronics,2022-10,2022-W39,616,81361.28000000001,28.0,22
6,USB Hub Pro v06,Electronics,2022-11,2022-W44,475,62738.0,25.0,19
6,USB Hub Pro v06,Electronics,2022-12,2022-W48,579,76474.31999999998,24.13,24
6,USB Hub Pro v06,Electronics,2023-01,2023-W00,480,63398.399999999994,21.82,22
6,USB Hub Pro v06,Electronics,2023-02,2023-W05,429,56662.31999999999,17.88,24
6,USB Hub Pro v06,Electronics,2023-03,2023-W09,606,80040.48000000001,22.44,27
6,USB Hub Pro v06,Electronics,2023-04,2023-W13,885,116890.79999999999,32.78,27
6,USB Hub Pro v06,Electronics,2023-05,2023-W18,794,104871.52000000002,37.81,21
6,USB Hub Pro v06,Electronics,2023-06,2023-W22,1028,135778.24000000002,38.07,27
6,USB Hub Pro v06,Electronics,2023-07,2023-W26,714,94305.12000000001,32.45,22
6,USB Hub Pro v06,Electronics,2023-08,2023-W31,878,115966.24,36.58,24
6,USB Hub Pro v06,Electronics,2023-09,2023-W35,602,79512.15999999999,31.68,19
6,USB Hub Pro v06,Electronics,2023-10,2023-W39,592,78191.36000000002,26.91,22
6,USB Hub Pro v06,Electronics,2023-11,2023-W44,600,79248.00000000001,27.27,22
6,USB Hub Pro v06,Electronics,2023-12,2023-W48,639,84399.12000000001,27.78,23
7,Wireless Sensor v07,Electronics,2022-01,2022-W00,92,39908.680000000015,4.38,21
7,Wireless Sensor v07,Electronics,2022-02,2022-W05,93,40342.47000000001,3.88,24
7,Wireless Sensor v07,Electronics,2022-03,2022-W09,126,54657.539999999986,4.85,26
7,Wireless Sensor v07,Electronics,2022-04,2022-W13,185,80251.15000000001,7.4,25
7,Wireless Sensor v07,Electronics,2022-05,2022-W17,240,104109.6,8.0,30
7,Wireless Sensor v07,Electronics,2022-06,2022-W22,191,82853.89,7.64,25
7,Wireless Sensor v07,Electronics,2022-07,2022-W26,183,79383.56999999999,7.04,26
7,Wireless Sensor v07,Electronics,2022-08,2022-W31,168,72876.71999999999,7.0,24
7,Wireless Sensor v07,Electronics,2022-09,2022-W35,168,72876.71999999999,6.72,25
7,Wireless Sensor v07,Electronics,2022-10,2022-W39,161,69840.18999999999,5.96,27
7,Wireless Sensor v07,Electronics,2022-11,2022-W44,147,63767.129999999976,5.88,25
7,Wireless Sensor v07,Electronics,2022-12,2022-W48,164,71141.55999999997,5.86,28
7,Wireless Sensor v07,Electronics,2023-01,2023-W00,119,51621.010000000024,4.76,25
7,Wireless Sensor v07,Electronics,2023-02,2023-W05,91,39474.89000000001,4.33,21
7,Wireless Sensor v07,Electronics,2023-03,2023-W09,134,58127.859999999986,5.36,25
7,Wireless Sensor v07,Electronics,2023-04,2023-W14,186,80684.94000000002,8.09,23
7,Wireless Sensor v07,Electronics,2023-05,2023-W18,225,97602.75000000001,9.0,25
7,Wireless Sensor v07,Electronics,2023-06,2023-W22,209,90662.11000000002,8.36,25
7,Wireless Sensor v07,Electronics,2023-07,2023-W26,243,105410.97000000004,7.84,31
7,Wireless Sensor v07,Electronics,2023-08,2023-W31,187,81118.73000000001,7.48,25
7,Wireless Sensor v07,Electronics,2023-09,2023-W35,163,70707.76999999999,7.41,22
7,Wireless Sensor v07,Electronics,2023-10,2023-W39,165,71575.34999999999,6.6,25
7,Wireless Sensor v07,Electronics,2023-11,2023-W44,150,65068.499999999985,6.82,22
7,Wireless Sensor v07,Electronics,2023-12,2023-W48,177,76780.82999999997,6.1,29
8,Power Supply Unit v08,Electronics,2022-01,2022-W01,304,66563.84,12.67,24
8,Power Supply Unit v08,Electronics,2022-02,2022-W05,265,58024.399999999994,11.52,23
8,Power Supply Unit v08,Electronics,2022-03,2022-W09,390,85394.40000000001,13.0,30
8,Power Supply Unit v08,Electronics,2022-04,2022-W13,400,87584.0,14.81,27
8,Power Supply Unit v08,Electronics,2022-05,2022-W17,453,99188.88,16.18,28
8,Power Supply Unit v08,Electronics,2022-06,2022-W22,317,69410.32,15.1,21
8,Power Supply Unit v08,Electronics,2022-07,2022-W26,380,83204.79999999999,14.07,27
8,Power Supply Unit v08,Electronics,2022-08,2022-W31,344,75322.24,14.96,23
8,Power Supply Unit v08,Electronics,2022-09,2022-W35,396,86708.16000000002,14.67,27
8,Power Supply Unit v08,Electronics,2022-10,2022-W39,336,73570.56000000001,14.0,24
8,Power Supply Unit v08,Electronics,2022-11,2022-W44,382,83642.71999999999,15.92,24
8,Power Supply Unit v08,Electronics,2022-12,2022-W48,393,86051.28000000001,15.12,26
8,Power Supply Unit v08,Electronics,2023-01,2023-W00,337,73789.51999999999,13.48,25
8,Power Supply Unit v08,Electronics,2023-02,2023-W05,304,66563.84,12.67,24
8,Power Supply Unit v08,Electronics,2023-03,2023-W09,368,80577.28,14.72,25
8,Power Supply Unit v08,Electronics,2023-04,2023-W13,446,97656.16000000002,17.15,26
8,Power Supply Unit v08,Electronics,2023-05,2023-W18,483,105757.68000000001,18.58,26
8,Power Supply Unit v08,Electronics,2023-06,2023-W22,444,97218.23999999999,16.44,27
8,Power Supply Unit v08,Electronics,2023-07,2023-W26,413,90430.48000000003,17.21,24
8,Power Supply Unit v08,Electronics,2023-08,2023-W31,326,71380.96,14.82,22
8,Power Supply Unit v08,Electronics,2023-09,2023-W35,449,98313.04000000001,17.27,26
8,Power Supply Unit v08,Electronics,2023-10,2023-W39,466,102035.36,15.53,30
8,Power Supply Unit v08,Electronics,2023-11,2023-W44,412,90211.52,15.85,26
8,Power Supply Unit v08,Electronics,2023-12,2023-W48,352,77073.92000000001,15.3,23
9,Signal Converter v09,Electronics,2022-01,2022-W00,135,47934.44999999999,8.44,16
9,Signal Converter v09,Electronics,2022-02,2022-W05,144,51130.079999999994,8.0,18
9,Signal Converter v09,Electronics,2022-03,2022-W09,167,59296.68999999999,9.82,17
9,Signal Converter v09,Electronics,2022-04,2022-W13,255,90542.84999999998,13.42,19
9,Signal Converter v09,Electronics,2022-05,2022-W18,259,91963.13,15.24,17
9,Signal Converter v09,Electronics,2022-06,2022-W22,260,92318.2,13.68,19
9,Signal Converter v09,Electronics,2022-07,2022-W26,184,65332.880000000005,12.27,15
9,Signal Converter v09,Electronics,2022-08,2022-W31,269,95513.83,13.45,20
9,Signal Converter v09,Electronics,2022-09,2022-W36,195,69238.65000000001,13.0,15
9,Signal Converter v09,Electronics,2022-10,2022-W39,196,69593.71999999999,13.07,15
9,Signal Converter v09,Electronics,2022-11,2022-W44,208,73854.56,11.56,18
9,Signal Converter v09,Electronics,2022-12,2022-W48,202,71724.13999999998,11.22,18
9,Signal Converter v09,Electronics,2023-01,2023-W00,175,62137.24999999998,9.72,18
9,Signal Converter v09,Electronics,2023-02,2023-W05,172,61072.039999999986,8.6,20
9,Signal Converter v09,Electronics,2023-03,2023-W09,165,58586.55,11.0,15
9,Signal Converter v09,Electronics,2023-04,2023-W13,286,101550.01999999999,15.89,18
9,Signal Converter v09,Electronics,2023-05,2023-W18,313,111136.90999999999,16.47,19
9,Signal Converter v09,Electronics,2023-06,2023-W22,272,96579.04000000001,15.11,18
9,Signal Converter v09,Electronics,2023-07,2023-W26,311,110426.77000000002,14.14,22
9,Signal Converter v09,Electronics,2023-08,2023-W31,269,95513.82999999999,14.16,19
9,Signal Converter v09,Electronics,2023-09,2023-W35,241,85571.87,13.39,18
9,Signal Converter v09,Electronics,2023-10,2023-W39,257,91252.98999999999,13.53,19
9,Signal Converter v09,Electronics,2023-11,2023-W45,131,46514.17,10.92,12
9,Signal Converter v09,Electronics,2023-12,2023-W48,293,104035.50999999997,12.74,23
10,Touch Panel v10,Electronics,2022-01,2022-W01,400,15063.999999999996,16.67,24
10,Touch Panel v10,Electronics,2022-02,2022-W05,365,13745.899999999998,15.21,24
10,Touch Panel v10,Electronics,2022-03,2022-W09,514,19357.239999999998,17.13,30
10,Touch Panel v10,Electronics,2022-04,2022-W13,615,23160.9,27.95,22
10,Touch Panel v10,Electronics,2022-05,2022-W18,837,31521.42,31.0,27
10,Touch Panel v10,Electronics,2022-06,2022-W22,700,26362.000000000004,28.0,25
10,Touch Panel v10,Electronics,2022-07,2022-W26,607,22859.62,25.29,24
10,Touch Panel v10,Electronics,2022-08,2022-W31,738,27793.079999999994,25.45,29
10,Touch Panel v10,Electronics,2022-09,2022-W35,496,18679.36,24.8,20
10,Touch Panel v10,Electronics,2022-10,2022-W39,590,22219.400000000005,22.69,26
10,Touch Panel v10,Electronics,2022-11,2022-W44,547,20600.02,20.26,27
10,Touch Panel v10,Electronics,2022-12,2022-W48,628,23650.480000000003,20.93,30
10,Touch Panel v10,Electronics,2023-01,2023-W00,482,18152.12,17.85,27
10,Touch Panel v10,Electronics,2023-02,2023-W05,354,13331.64,17.7,20
10,Touch Panel v10,Electronics,2023-03,2023-W09,535,20148.099999999995,21.4,25
10,Touch Panel v10,Electronics,2023-04,2023-W13,724,27265.839999999997,27.85,26
10,Touch Panel v10,Electronics,2023-05,2023-W18,822,30956.51999999999,34.25,24
10,Touch Panel v10,Electronics,2023-06,2023-W22,789,29713.739999999998,31.56,25
10,Touch Panel v10,Electronics,2023-07,2023-W26,856,32236.959999999995,29.52,29
10,Touch Panel v10,Electronics,2023-08,2023-W31,718,27039.879999999994,28.72,25
10,Touch Panel v10,Electronics,2023-09,2023-W35,745,28056.699999999997,27.59,27
10,Touch Panel v10,Electronics,2023-10,2023-W39,622,23424.520000000004,24.88,25
10,Touch Panel v10,Electronics,2023-11,2023-W44,649,24441.34,24.96,26
10,Touch Panel v10,Electronics,2023-12,2023-W48,637,23989.42,25.48,25
11,Hydraulic Pump v01,Industrial Parts,2022-01,2022-W00,271,40175.75,11.29,24
11,Hydraulic Pump v01,Industrial Parts,2022-02,2022-W05,211,31280.75,11.72,18
11,Hydraulic Pump v01,Industrial Parts,2022-03,2022-W09,173,25647.25,11.53,15
11,Hydraulic Pump v01,Industrial Parts,2022-04,2022-W14,206,30539.5,14.71,14
11,Hydraulic Pump v01,Industrial Parts,2022-05,2022-W17,241,35728.25,15.06,16
11,Hydraulic Pump v01,Industrial Parts,2022-06,2022-W22,379,56186.75,15.79,24
11,Hydraulic Pump v01,Industrial Parts,2022-07,2022-W26,256,37952.0,14.22,18
11,Hydraulic Pump v01,Industrial Parts,2022-08,2022-W31,229,33949.25,14.31,16
11,Hydraulic Pump v01,Industrial Parts,2022-09,2022-W35,251,37210.75,15.69,16
11,Hydraulic Pump v01,Industrial Parts,2022-10,2022-W39,180,26685.0,12.86,14
11,Hydraulic Pump v01,Industrial Parts,2022-11,2022-W44,223,33059.75,13.12,17
11,Hydraulic Pump v01,Industrial Parts,2022-12,2022-W48,249,36914.25,13.11,19
11,Hydraulic Pump v01,Industrial Parts,2023-01,2023-W00,219,32466.75,12.88,17
11,Hydraulic Pump v01,Industrial Parts,2023-02,2023-W05,236,34987.0,11.8,20
11,Hydraulic Pump v01,Industrial Parts,2023-03,2023-W09,209,30984.25,13.93,15
11,Hydraulic Pump v01,Industrial Parts,2023-04,2023-W13,260,38545.0,15.29,17
11,Hydraulic Pump v01,Industrial Parts,2023-05,2023-W18,361,53518.25,17.19,21
11,Hydraulic Pump v01,Industrial Parts,2023-06,2023-W22,271,40175.75,16.94,16
11,Hydraulic Pump v01,Industrial Parts,2023-07,2023-W26,337,49960.25,16.05,21
11,Hydraulic Pump v01,Industrial Parts,2023-08,2023-W31,289,42844.25,17.0,17
11,Hydraulic Pump v01,Industrial Parts,2023-09,2023-W35,323,47884.75,15.38,21
11,Hydraulic Pump v01,Industrial Parts,2023-10,2023-W40,283,41954.75,14.89,19
11,Hydraulic Pump v01,Industrial Parts,2023-11,2023-W44,184,27278.0,14.15,13
11,Hydraulic Pump v01,Industrial Parts,2023-12,2023-W48,269,39879.25,14.94,18
12,Ball Bearing v02,Industrial Parts,2022-01,2022-W00,409,27476.620000000003,20.45,20
12,Ball Bearing v02,Industrial Parts,2022-02,2022-W05,260,17466.800000000003,17.33,15
12,Ball Bearing v02,Industrial Parts,2022-03,2022-W09,350,23512.999999999996,18.42,19
12,Ball Bearing v02,Industrial Parts,2022-04,2022-W13,458,30768.44,26.94,17
12,Ball Bearing v02,Industrial Parts,2022-05,2022-W18,476,31977.680000000008,28.0,17
12,Ball Bearing v02,Industrial Parts,2022-06,2022-W22,583,39165.94,29.15,20
12,Ball Bearing v02,Industrial Parts,2022-07,2022-W26,437,29357.66,24.28,18
12,Ball Bearing v02,Industrial Parts,2022-08,2022-W31,502,33724.36,26.42,19
12,Ball Bearing v02,Industrial Parts,2022-09,2022-W35,439,29492.020000000004,25.82,17
12,Ball Bearing v02,Industrial Parts,2022-10,2022-W39,615,41315.700000000004,25.63,24
12,Ball Bearing v02,Industrial Parts,2022-11,2022-W44,380,25528.4,25.33,15
12,Ball Bearing v02,Industrial Parts,2022-12,2022-W48,501,33657.18,23.86,21
12,Ball Bearing v02,Industrial Parts,2023-01,2023-W00,430,28887.4,21.5,20
12,Ball Bearing v02,Industrial Parts,2023-02,2023-W05,352,23647.36,20.71,17
12,Ball Bearing v02,Industrial Parts,2023-03,2023-W09,505,33925.9,24.05,21
12,Ball Bearing v02,Industrial Parts,2023-04,2023-W13,543,36478.740000000005,30.17,18
12,Ball Bearing v02,Industrial Parts,2023-05,2023-W18,730,49041.40000000001,33.18,22
12,Ball Bearing v02,Industrial Parts,2023-06,2023-W22,688,46219.84,29.91,23
12,Ball Bearing v02,Industrial Parts,2023-07,2023-W26,380,25528.4,31.67,12
12,Ball Bearing v02,Industrial Parts,2023-08,2023-W31,731,49108.579999999994,30.46,24
12,Ball Bearing v02,Industrial Parts,2023-09,2023-W35,556,37352.08,30.89,18
12,Ball Bearing v02,Industrial Parts,2023-10,2023-W39,440,29559.199999999993,25.88,17
12,Ball Bearing v02,Industrial Parts,2023-11,2023-W44,468,31440.239999999998,24.63,19
12,Ball Bearing v02,Industrial Parts,2023-12,2023-W48,569,38225.420000000006,25.86,22
13,Drive Shaft v03,Industrial Parts,2022-01,2022-W01,169,4765.8,8.89,19
13,Drive Shaft v03,Industrial Parts,2022-02,2022-W05,184,5188.8,8.36,22
13,Drive Shaft v03,Industrial Parts,2022-03,2022-W09,170,4794.0,9.44,18
13,Drive Shaft v03,Industrial Parts,2022-04,2022-W13,224,6316.799999999999,11.2,20
13,Drive Shaft v03,Industrial Parts,2022-05,2022-W17,238,6711.600000000001,13.22,18
13,Drive Shaft v03,Industrial Parts,2022-06,2022-W22,229,6457.8,12.72,18
13,Drive Shaft v03,Industrial Parts,2022-07,2022-W26,252,7106.4,12.6,20
13,Drive Shaft v03,Industrial Parts,2022-08,2022-W31,276,7783.199999999999,12.55,22
13,Drive Shaft v03,Industrial Parts,2022-09,2022-W35,220,6204.0,12.22,18
13,Drive Shaft v03,Industrial Parts,2022-10,2022-W39,230,6486.0,11.5,20
13,Drive Shaft v03,Industrial Parts,2022-11,2022-W44,218,6147.600000000001,10.9,20
13,Drive Shaft v03,Industrial Parts,2022-12,2022-W48,196,5527.2,10.89,18
13,Drive Shaft v03,Industrial Parts,2023-01,2023-W01,180,5075.999999999999,9.47,19
13,Drive Shaft v03,Industrial Parts,2023-02,2023-W05,155,4371.0,9.12,17
13,Drive Shaft v03,Industrial Parts,2023-03,2023-W09,229,6457.799999999999,9.96,23
13,Drive Shaft v03,Industrial Parts,2023-04,2023-W13,196,5527.2,11.53,17
13,Drive Shaft v03,Industrial Parts,2023-05,2023-W18,340,9588.0,14.78,23
13,Drive Shaft v03,Industrial Parts,2023-06,2023-W22,256,7219.199999999999,13.47,19
13,Drive Shaft v03,Industrial Parts,2023-07,2023-W26,308,8685.6,13.39,23
13,Drive Shaft v03,Industrial Parts,2023-08,2023-W31,168,4737.599999999999,14.0,12
13,Drive Shaft v03,Industrial Parts,2023-09,2023-W35,217,6119.4000000000015,12.76,17
13,Drive Shaft v03,Industrial Parts,2023-10,2023-W40,183,5160.599999999999,12.2,15
13,Drive Shaft v03,Industrial Parts,2023-11,2023-W44,231,6514.2,12.16,19
13,Drive Shaft v03,Industrial Parts,2023-12,2023-W48,325,9165.000000000004,13.0,25
14,Conveyor Belt v04,Industrial Parts,2022-01,2022-W00,141,16154.370000000006,5.04,28
14,Conveyor Belt v04,Industrial Parts,2022-02,2022-W05,102,11686.140000000001,4.43,23
14,Conveyor Belt v04,Industrial Parts,2022-03,2022-W09,126,14435.820000000003,5.04,25
14,Conveyor Belt v04,Industrial Parts,2022-04,2022-W13,187,21424.590000000004,6.93,27
14,Conveyor Belt v04,Industrial Parts,2022-05,2022-W17,195,22341.150000000005,7.8,25
14,Conveyor Belt v04,Industrial Parts,2022-06,2022-W22,182,20851.74,7.0,26
14,Conveyor Belt v04,Industrial Parts,2022-07,2022-W26,166,19018.62,6.92,24
14,Conveyor Belt v04,Industrial Parts,2022-08,2022-W31,170,19476.899999999998,6.8,25
14,Conveyor Belt v04,Industrial Parts,2022-09,2022-W35,188,21539.16,6.48,29
14,Conveyor Belt v04,Industrial Parts,2022-10,2022-W39,135,15466.95,5.87,23
14,Conveyor Belt v04,Industrial Parts,2022-11,2022-W44,147,16841.79,6.13,24
14,Conveyor Belt v04,Industrial Parts,2022-12,2022-W48,141,16154.369999999999,5.64,25
14,Conveyor Belt v04,Industrial Parts,2023-01,2023-W00,125,14321.250000000005,5.21,24
14,Conveyor Belt v04,Industrial Parts,2023-02,2023-W05,106,12144.42,4.82,22
14,Conveyor Belt v04,Industrial Parts,2023-03,2023-W09,135,15466.950000000003,5.4,25
14,Conveyor Belt v04,Industrial Parts,2023-04,2023-W13,179,20508.030000000002,7.46,24
14,Conveyor Belt v04,Industrial Parts,2023-05,2023-W18,214,24517.98000000001,8.56,25
14,Conveyor Belt v04,Industrial Parts,2023-06,2023-W22,206,23601.42000000001,8.24,25
14,Conveyor Belt v04,Industrial Parts,2023-07,2023-W26,217,24861.690000000006,7.75,28
14,Conveyor Belt v04,Industrial Parts,2023-08,2023-W31,183,20966.31,7.63,24
14,Conveyor Belt v04,Industrial Parts,2023-09,2023-W35,187,21424.59,7.19,26
14,Conveyor Belt v04,Industrial Parts,2023-10,2023-W39,141,16154.369999999999,6.41,22
14,Conveyor Belt v04,Industrial Parts,2023-11,2023-W44,159,18216.630000000005,6.63,24
14,Conveyor Belt v04,Industrial Parts,2023-12,2023-W48,174,19935.18,6.44,27
15,Gear Assembly v05,Industrial Parts,2022-01,2022-W00,210,24078.6,17.5,12
15,Gear Assembly v05,Industrial Parts,2022-02,2022-W05,308,35315.280000000006,17.11,18
15,Gear Assembly v05,Industrial Parts,2022-03,2022-W10,382,43800.12000000001,21.22,18
15,Gear Assembly v05,Industrial Parts,2022-04,2022-W13,452,51826.31999999999,23.79,19
15,Gear Assembly v05,Industrial Parts,2022-05,2022-W17,575,65929.50000000001,28.75,20
15,Gear Assembly v05,Industrial Parts,2022-06,2022-W22,459,52628.94,27.0,17
15,Gear Assembly v05,Industrial Parts,2022-07,2022-W26,452,51826.32000000001,26.59,17
15,Gear Assembly v05,Industrial Parts,2022-08,2022-W31,385,44144.100000000006,25.67,15
15,Gear Assembly v05,Industrial Parts,2022-09,2022-W35,433,49647.77999999999,24.06,18
15,Gear Assembly v05,Industrial Parts,2022-10,2022-W39,344,39443.04000000001,21.5,16
15,Gear Assembly v05,Industrial Parts,2022-11,2022-W44,364,41736.240000000005,22.75,16
15,Gear Assembly v05,Industrial Parts,2022-12,2022-W49,300,34398.0,21.43,14
15,Gear Assembly v05,Industrial Parts,2023-01,2023-W01,271,31072.860000000004,20.85,13
15,Gear Assembly v05,Industrial Parts,2023-02,2023-W05,353,40474.98,19.61,18
15,Gear Assembly v05,Industrial Parts,2023-03,2023-W09,398,45634.67999999999,20.95,19
15,Gear Assembly v05,Industrial Parts,2023-04,2023-W13,652,74758.32,28.35,23
15,Gear Assembly v05,Industrial Parts,2023-05,2023-W18,683,78312.78,31.05,22
15,Gear Assembly v05,Industrial Parts,2023-06,2023-W22,495,56756.7,29.12,17
15,Gear Assembly v05,Industrial Parts,2023-07,2023-W26,402,46093.32000000001,28.71,14
15,Gear Assembly v05,Industrial Parts,2023-08,2023-W31,466,53431.56000000001,29.13,16
15,Gear Assembly v05,Industrial Parts,2023-09,2023-W35,460,52743.6,28.75,16
15,Gear Assembly v05,Industrial Parts,2023-10,2023-W40,435,49877.09999999999,27.19,16
15,Gear Assembly v05,Industrial Parts,2023-11,2023-W44,483,55380.78,28.41,17
15,Gear Assembly v05,Industrial Parts,2023-12,2023-W48,443,50794.37999999999,26.06,17
16,Valve Controller v06,Industrial Parts,2022-01,2022-W00,368,49337.76000000001,20.44,18
16,Valve Controller v06,Industrial Parts,2022-02,2022-W05,296,39684.72,18.5,16
16,Valve Controller v06,Industrial Parts,2022-03,2022-W09,424,56845.68000000001,21.2,20
16,Valve Controller v06,Industrial Parts,2022-04,2022-W13,616,82587.12,29.33,21
16,Valve Controller v06,Industrial Parts,2022-05,2022-W17,621,83257.47000000002,32.68,19
16,Valve Controller v06,Industrial Parts,2022-06,2022-W22,672,90095.04,32.0,21
16,Valve Controller v06,Industrial Parts,2022-07,2022-W26,628,84195.96000000002,31.4,20
16,Valve Controller v06,Industrial Parts,2022-08,2022-W31,632,84732.23999999999,33.26,19
16,Valve Controller v06,Industrial Parts,2022-09,2022-W35,377,50544.38999999999,31.42,12
16,Valve Controller v06,Industrial Parts,2022-10,2022-W39,558,74811.06000000001,27.9,20
16,Valve Controller v06,Industrial Parts,2022-11,2022-W44,582,78028.74,25.3,23
16,Valve Controller v06,Industrial Parts,2022-12,2022-W48,439,58856.729999999996,25.82,17
16,Valve Controller v06,Industrial Parts,2023-01,2023-W00,448,60063.36000000001,23.58,19
16,Valve Controller v06,Industrial Parts,2023-02,2023-W05,392,52555.44000000002,20.63,19
16,Valve Controller v06,Industrial Parts,2023-03,2023-W09,621,83257.47,27.0,23
16,Valve Controller v06,Industrial Parts,2023-04,2023-W13,642,86072.94000000002,33.79,19
16,Valve Controller v06,Industrial Parts,2023-05,2023-W18,859,115166.12999999998,39.05,22
16,Valve Controller v06,Industrial Parts,2023-06,2023-W22,691,92642.37,36.37,19
16,Valve Controller v06,Industrial Parts,2023-07,2023-W26,574,76956.18000000001,31.89,18
16,Valve Controller v06,Industrial Parts,2023-08,2023-W31,800,107256.0,33.33,24
16,Valve Controller v06,Industrial Parts,2023-09,2023-W35,546,73202.21999999999,32.12,17
16,Valve Controller v06,Industrial Parts,2023-10,2023-W39,604,80978.28,30.2,20
16,Valve Controller v06,Industrial Parts,2023-11,2023-W44,476,63817.32000000001,28.0,17
16,Valve Controller v06,Industrial Parts,2023-12,2023-W48,605,81112.35,28.81,21
17,Pneumatic Cylinder v07,Industrial Parts,2022-01,2022-W00,312,32897.28,19.5,16
17,Pneumatic Cylinder v07,Industrial Parts,2022-02,2022-W05,206,21720.64,18.73,11
17,Pneumatic Cylinder v07,Industrial Parts,2022-03,2022-W09,413,43546.719999999994,22.94,18
17,Pneumatic Cylinder v07,Industrial Parts,2022-04,2022-W13,416,43863.04,27.73,15
17,Pneumatic Cylinder v07,Industrial Parts,2022-05,2022-W18,589,62104.159999999996,31.0,19
17,Pneumatic Cylinder v07,Industrial Parts,2022-06,2022-W22,543,57253.91999999999,30.17,18
17,Pneumatic Cylinder v07,Industrial Parts,2022-07,2022-W26,382,40278.079999999994,27.29,14
17,Pneumatic Cylinder v07,Industrial Parts,2022-08,2022-W31,418,44073.92,27.87,15
17,Pneumatic Cylinder v07,Industrial Parts,2022-09,2022-W35,447,47131.68000000001,27.94,16
17,Pneumatic Cylinder v07,Industrial Parts,2022-10,2022-W40,456,48080.64,25.33,18
17,Pneumatic Cylinder v07,Industrial Parts,2022-11,2022-W44,378,39856.32,27.0,14
17,Pneumatic Cylinder v07,Industrial Parts,2022-12,2022-W48,468,49345.92,23.4,20
17,Pneumatic Cylinder v07,Industrial Parts,2023-01,2023-W00,399,42070.56,23.47,17
17,Pneumatic Cylinder v07,Industrial Parts,2023-02,2023-W05,292,30788.479999999996,20.86,14
17,Pneumatic Cylinder v07,Industrial Parts,2023-03,2023-W09,362,38169.28,24.13,15
17,Pneumatic Cylinder v07,Industrial Parts,2023-04,2023-W13,511,53879.840000000004,30.06,17
17,Pneumatic Cylinder v07,Industrial Parts,2023-05,2023-W18,582,61366.079999999994,34.24,17
17,Pneumatic Cylinder v07,Industrial Parts,2023-06,2023-W22,482,50822.08,34.43,14
17,Pneumatic Cylinder v07,Industrial Parts,2023-07,2023-W27,498,52509.12,33.2,15
17,Pneumatic Cylinder v07,Industrial Parts,2023-08,2023-W31,594,62631.359999999986,31.26,19
17,Pneumatic Cylinder v07,Industrial Parts,2023-09,2023-W35,537,56621.280000000006,29.83,18
17,Pneumatic Cylinder v07,Industrial Parts,2023-10,2023-W39,538,56726.72,29.89,18
17,Pneumatic Cylinder v07,Industrial Parts,2023-11,2023-W44,424,44706.56,28.27,15
17,Pneumatic Cylinder v07,Industrial Parts,2023-12,2023-W48,508,53563.520000000004,26.74,19
18,Coupling Flange v08,Industrial Parts,2022-01,2022-W00,342,3108.78,21.38,16
18,Coupling Flange v08,Industrial Parts,2022-02,2022-W05,336,3054.2400000000002,19.76,17
18,Coupling Flange v08,Industrial Parts,2022-03,2022-W09,450,4090.4999999999995,22.5,20
18,Coupling Flange v08,Industrial Parts,2022-04,2022-W13,575,5226.75,25.0,23
18,Coupling Flange v08,Industrial Parts,2022-05,2022-W18,634,5763.0599999999995,28.82,22
18,Coupling Flange v08,Industrial Parts,2022-06,2022-W22,560,5090.400000000001,28.0,20
18,Coupling Flange v08,Industrial Parts,2022-07,2022-W26,578,5254.020000000001,25.13,23
18,Coupling Flange v08,Industrial Parts,2022-08,2022-W31,384,3490.56,25.6,15
18,Coupling Flange v08,Industrial Parts,2022-09,2022-W35,455,4135.95,25.28,18
18,Coupling Flange v08,Industrial Parts,2022-10,2022-W40,478,4345.019999999999,23.9,20
18,Coupling Flange v08,Industrial Parts,2022-11,2022-W44,495,4499.55,24.75,20
18,Coupling Flange v08,Industrial Parts,2022-12,2022-W48,428,3890.520000000001,22.53,19
18,Coupling Flange v08,Industrial Parts,2023-01,2023-W00,520,4726.799999999999,23.64,22
18,Coupling Flange v08,Industrial Parts,2023-02,2023-W05,344,3126.96,21.5,16
18,Coupling Flange v08,Industrial Parts,2023-03,2023-W09,398,3617.8199999999997,22.11,18
18,Coupling Flange v08,Industrial Parts,2023-04,2023-W14,348,3163.3199999999997,26.77,13
18,Coupling Flange v08,Industrial Parts,2023-05,2023-W18,514,4672.259999999999,28.56,18
18,Coupling Flange v08,Industrial Parts,2023-06,2023-W22,517,4699.530000000001,28.72,18
18,Coupling Flange v08,Industrial Parts,2023-07,2023-W26,424,3854.1600000000003,28.27,15
18,Coupling Flange v08,Industrial Parts,2023-08,2023-W31,451,4099.59,28.19,16
18,Coupling Flange v08,Industrial Parts,2023-09,2023-W35,563,5117.669999999999,28.15,20
18,Coupling Flange v08,Industrial Parts,2023-10,2023-W39,428,3890.5200000000004,26.75,16
18,Coupling Flange v08,Industrial Parts,2023-11,2023-W44,504,4581.360000000001,28.0,18
18,Coupling Flange v08,Industrial Parts,2023-12,2023-W48,438,3981.4200000000005,29.2,15
19,Torque Sensor v09,Industrial Parts,2022-01,2022-W00,412,55022.6,15.26,27
19,Torque Sensor v09,Industrial Parts,2022-02,2022-W05,400,53419.999999999985,14.81,27
19,Torque Sensor v09,Industrial Parts,2022-03,2022-W09,450,60097.49999999999,16.07,28
19,Torque Sensor v09,Industrial Parts,2022-04,2022-W13,429,57292.95,17.88,24
19,Torque Sensor v09,Industrial Parts,2022-05,2022-W17,581,77592.55000000002,19.37,30
19,Torque Sensor v09,Industrial Parts,2022-06,2022-W22,499,66641.45,19.19,26
19,Torque Sensor v09,Industrial Parts,2022-07,2022-W26,533,71182.15000000001,18.38,29
19,Torque Sensor v09,Industrial Parts,2022-08,2022-W31,486,64905.3,18.69,26
19,Torque Sensor v09,Industrial Parts,2022-09,2022-W35,485,64771.75000000001,18.65,26
19,Torque Sensor v09,Industrial Parts,2022-10,2022-W39,451,60231.04999999999,18.04,25
19,Torque Sensor v09,Industrial Parts,2022-11,2022-W44,480,64103.99999999999,17.78,27
19,Torque Sensor v09,Industrial Parts,2022-12,2022-W48,487,65038.850000000006,18.04,27
19,Torque Sensor v09,Industrial Parts,2023-01,2023-W00,501,66908.55,17.28,29
19,Torque Sensor v09,Industrial Parts,2023-02,2023-W05,355,47410.25,16.14,22
19,Torque Sensor v09,Industrial Parts,2023-03,2023-W09,467,62367.85,17.96,26
19,Torque Sensor v09,Industrial Parts,2023-04,2023-W13,571,76257.05,20.39,28
19,Torque Sensor v09,Industrial Parts,2023-05,2023-W18,631,84270.05,21.76,29
19,Torque Sensor v09,Industrial Parts,2023-06,2023-W22,599,79996.45,20.66,29
19,Torque Sensor v09,Industrial Parts,2023-07,2023-W26,536,71582.8,20.62,26
19,Torque Sensor v09,Industrial Parts,2023-08,2023-W31,581,77592.54999999999,20.75,28
19,Torque Sensor v09,Industrial Parts,2023-09,2023-W35,542,72384.09999999999,20.85,26
19,Torque Sensor v09,Industrial Parts,2023-10,2023-W39,522,69713.1,20.08,26
19,Torque Sensor v09,Industrial Parts,2023-11,2023-W44,517,69045.34999999999,19.15,27
19,Torque Sensor v09,Industrial Parts,2023-12,2023-W48,595,79462.25,19.83,30
20,Filter Housing v10,Industrial Parts,2022-01,2022-W00,176,15649.920000000007,6.29,28
20,Filter Housing v10,Industrial Parts,2022-02,2022-W05,144,12804.480000000007,5.54,26
20,Filter Housing v10,Industrial Parts,2022-03,2022-W09,144,12804.480000000007,6.55,22
20,Filter Housing v10,Industrial Parts,2022-04,2022-W13,186,16539.120000000003,8.86,21
20,Filter Housing v10,Industrial Parts,2022-05,2022-W17,244,21696.48,10.61,23
20,Filter Housing v10,Industrial Parts,2022-06,2022-W22,214,19028.880000000005,10.19,21
20,Filter Housing v10,Industrial Parts,2022-07,2022-W27,179,15916.680000000006,9.42,19
20,Filter Housing v10,Industrial Parts,2022-08,2022-W31,199,17695.08,9.95,20
20,Filter Housing v10,Industrial Parts,2022-09,2022-W35,192,17072.640000000007,8.73,22
20,Filter Housing v10,Industrial Parts,2022-10,2022-W39,234,20807.28,8.67,27
20,Filter Housing v10,Industrial Parts,2022-11,2022-W44,149,13249.080000000002,7.84,19
20,Filter Housing v10,Industrial Parts,2022-12,2022-W48,178,15827.760000000007,8.09,22
20,Filter Housing v10,Industrial Parts,2023-01,2023-W00,145,12893.400000000003,7.25,20
20,Filter Housing v10,Industrial Parts,2023-02,2023-W05,127,11292.840000000006,6.05,21
20,Filter Housing v10,Industrial Parts,2023-03,2023-W09,162,14405.040000000005,7.36,22
20,Filter Housing v10,Industrial Parts,2023-04,2023-W13,272,24186.24000000001,10.46,26
20,Filter Housing v10,Industrial Parts,2023-05,2023-W18,226,20095.92,11.89,19
20,Filter Housing v10,Industrial Parts,2023-06,2023-W22,199,17695.08,10.47,19
20,Filter Housing v10,Industrial Parts,2023-07,2023-W26,226,20095.920000000002,10.27,22
20,Filter Housing v10,Industrial Parts,2023-08,2023-W31,216,19206.720000000005,10.29,21
20,Filter Housing v10,Industrial Parts,2023-09,2023-W35,239,21251.88,9.96,24
20,Filter Housing v10,Industrial Parts,2023-10,2023-W39,196,17428.320000000007,9.33,21
20,Filter Housing v10,Industrial Parts,2023-11,2023-W44,172,15294.240000000005,9.56,18
20,Filter Housing v10,Industrial Parts,2023-12,2023-W48,204,18139.680000000004,8.5,24
21,Stretch Wrap Film v01,Packaging,2022-01,2022-W00,465,5375.4,22.14,21
21,Stretch Wrap Film v01,Packaging,2022-02,2022-W05,500,5780.000000000001,20.83,24
21,Stretch Wrap Film v01,Packaging,2022-03,2022-W09,544,6288.640000000001,22.67,24
21,Stretch Wrap Film v01,Packaging,2022-04,2022-W13,656,7583.360000000001,27.33,24
21,Stretch Wrap Film v01,Packaging,2022-05,2022-W17,743,8589.079999999998,30.96,24
21,Stretch Wrap Film v01,Packaging,2022-06,2022-W22,586,6774.160000000001,29.3,20
21,Stretch Wrap Film v01,Packaging,2022-07,2022-W26,715,8265.4,28.6,25
21,Stretch Wrap Film v01,Packaging,2022-08,2022-W31,628,7259.68,27.3,23
21,Stretch Wrap Film v01,Packaging,2022-09,2022-W35,582,6727.919999999999,27.71,21
21,Stretch Wrap Film v01,Packaging,2022-10,2022-W39,607,7016.92,25.29,24
21,Stretch Wrap Film v01,Packaging,2022-11,2022-W44,597,6901.320000000001,25.96,23
21,Stretch Wrap Film v01,Packaging,2022-12,2022-W48,733,8473.48,26.18,28
21,Stretch Wrap Film v01,Packaging,2023-01,2023-W00,662,7652.720000000001,24.52,27
21,Stretch Wrap Film v01,Packaging,2023-02,2023-W05,461,5329.159999999999,23.05,20
21,Stretch Wrap Film v01,Packaging,2023-03,2023-W09,477,5514.120000000001,26.5,18
21,Stretch Wrap Film v01,Packaging,2023-04,2023-W13,676,7814.560000000001,30.73,22
21,Stretch Wrap Film v01,Packaging,2023-05,2023-W18,999,11548.44,34.45,29
21,Stretch Wrap Film v01,Packaging,2023-06,2023-W22,755,8727.800000000001,32.83,23
21,Stretch Wrap Film v01,Packaging,2023-07,2023-W26,815,9421.400000000001,31.35,26
21,Stretch Wrap Film v01,Packaging,2023-08,2023-W31,738,8531.280000000002,30.75,24
21,Stretch Wrap Film v01,Packaging,2023-09,2023-W35,772,8924.32,30.88,25
21,Stretch Wrap Film v01,Packaging,2023-10,2023-W39,694,8022.640000000001,28.92,24
21,Stretch Wrap Film v01,Packaging,2023-11,2023-W44,609,7040.039999999999,29.0,21
21,Stretch Wrap Film v01,Packaging,2023-12,2023-W48,777,8982.12,28.78,27
22,Cardboard Box v02,Packaging,2022-01,2022-W00,297,4104.540000000001,14.85,20
22,Cardboard Box v02,Packaging,2022-02,2022-W06,225,3109.5,14.06,16
22,Cardboard Box v02,Packaging,2022-03,2022-W09,290,4007.8,15.26,19
22,Cardboard Box v02,Packaging,2022-04,2022-W14,334,4615.879999999999,18.56,18
22,Cardboard Box v02,Packaging,2022-05,2022-W18,312,4311.839999999999,20.8,15
22,Cardboard Box v02,Packaging,2022-06,2022-W22,333,4602.0599999999995,19.59,17
22,Cardboard Box v02,Packaging,2022-07,2022-W26,433,5984.0599999999995,19.68,22
22,Cardboard Box v02,Packaging,2022-08,2022-W31,341,4712.62,18.94,18
22,Cardboard Box v02,Packaging,2022-09,2022-W35,313,4325.66,18.41,17
22,Cardboard Box v02,Packaging,2022-10,2022-W39,318,4394.76,17.67,18
22,Cardboard Box v02,Packaging,2022-11,2022-W44,317,4380.9400000000005,17.61,18
22,Cardboard Box v02,Packaging,2022-12,2022-W48,324,4477.679999999999,18.0,18
22,Cardboard Box v02,Packaging,2023-01,2023-W01,315,4353.3,16.58,19
22,Cardboard Box v02,Packaging,2023-02,2023-W05,218,3012.76,15.57,14
22,Cardboard Box v02,Packaging,2023-03,2023-W10,357,4933.740000000001,17.85,20
22,Cardboard Box v02,Packaging,2023-04,2023-W13,399,5514.179999999999,22.17,18
22,Cardboard Box v02,Packaging,2023-05,2023-W18,375,5182.5,23.44,16
22,Cardboard Box v02,Packaging,2023-06,2023-W22,521,7200.219999999999,21.71,24
22,Cardboard Box v02,Packaging,2023-07,2023-W26,320,4422.4,21.33,15
22,Cardboard Box v02,Packaging,2023-08,2023-W31,414,5721.48,21.79,19
22,Cardboard Box v02,Packaging,2023-09,2023-W35,357,4933.74,21.0,17
22,Cardboard Box v02,Packaging,2023-10,2023-W39,221,3054.2200000000003,20.09,11
22,Cardboard Box v02,Packaging,2023-11,2023-W44,277,3828.14,19.79,14
22,Cardboard Box v02,Packaging,2023-12,2023-W48,353,4878.459999999999,19.61,18
23,Bubble Wrap Roll v03,Packaging,2022-01,2022-W00,282,2611.32,15.67,18
23,Bubble Wrap Roll v03,Packaging,2022-02,2022-W05,327,3028.019999999999,15.57,21
23,Bubble Wrap Roll v03,Packaging,2022-03,2022-W09,363,3361.38,17.29,21
23,Bubble Wrap Roll v03,Packaging,2022-04,2022-W13,404,3741.039999999999,19.24,21
23,Bubble Wrap Roll v03,Packaging,2022-05,2022-W17,454,4204.04,20.64,22
23,Bubble Wrap Roll v03,Packaging,2022-06,2022-W22,505,4676.299999999999,21.04,24
23,Bubble Wrap Roll v03,Packaging,2022-07,2022-W26,415,3842.8999999999996,19.76,21
23,Bubble Wrap Roll v03,Packaging,2022-08,2022-W31,325,3009.5,19.12,17
23,Bubble Wrap Roll v03,Packaging,2022-09,2022-W35,388,3592.8799999999997,19.4,20
23,Bubble Wrap Roll v03,Packaging,2022-10,2022-W39,324,3000.2400000000002,19.06,17
23,Bubble Wrap Roll v03,Packaging,2022-11,2022-W44,387,3583.62,18.43,21
23,Bubble Wrap Roll v03,Packaging,2022-12,2022-W48,379,3509.5400000000004,18.95,20
23,Bubble Wrap Roll v03,Packaging,2023-01,2023-W01,301,2787.2599999999998,17.71,17
23,Bubble Wrap Roll v03,Packaging,2023-02,2023-W05,295,2731.7,17.35,17
23,Bubble Wrap Roll v03,Packaging,2023-03,2023-W09,272,2518.7200000000003,18.13,15
23,Bubble Wrap Roll v03,Packaging,2023-04,2023-W13,442,4092.919999999999,21.05,21
23,Bubble Wrap Roll v03,Packaging,2023-05,2023-W18,454,4204.040000000001,22.7,20
23,Bubble Wrap Roll v03,Packaging,2023-06,2023-W22,577,5343.019999999999,23.08,25
23,Bubble Wrap Roll v03,Packaging,2023-07,2023-W26,467,4324.419999999999,22.24,21
23,Bubble Wrap Roll v03,Packaging,2023-08,2023-W31,501,4639.26,22.77,22
23,Bubble Wrap Roll v03,Packaging,2023-09,2023-W35,388,3592.88,22.82,17
23,Bubble Wrap Roll v03,Packaging,2023-10,2023-W39,396,3666.96,22.0,18
23,Bubble Wrap Roll v03,Packaging,2023-11,2023-W44,481,4454.059999999999,20.91,23
23,Bubble Wrap Roll v03,Packaging,2023-12,2023-W48,525,4861.5,21.0,25
24,Shrink Sleeve v04,Packaging,2022-01,2022-W00,159,1138.44,6.63,24
24,Shrink Sleeve v04,Packaging,2022-02,2022-W05,120,859.1999999999999,5.71,21
24,Shrink Sleeve v04,Packaging,2022-03,2022-W09,191,1367.5599999999995,7.64,25
24,Shrink Sleeve v04,Packaging,2022-04,2022-W13,249,1782.8400000000001,10.83,23
24,Shrink Sleeve v04,Packaging,2022-05,2022-W17,301,2155.16,12.54,24
24,Shrink Sleeve v04,Packaging,2022-06,2022-W22,288,2062.08,12.52,23
24,Shrink Sleeve v04,Packaging,2022-07,2022-W26,259,1854.4399999999998,10.79,24
24,Shrink Sleeve v04,Packaging,2022-08,2022-W31,211,1510.76,10.05,21
24,Shrink Sleeve v04,Packaging,2022-09,2022-W35,223,1596.6799999999998,10.14,22
24,Shrink Sleeve v04,Packaging,2022-10,2022-W40,201,1439.1599999999999,9.14,22
24,Shrink Sleeve v04,Packaging,2022-11,2022-W44,193,1381.8799999999999,8.77,22
24,Shrink Sleeve v04,Packaging,2022-12,2022-W48,213,1525.0800000000004,8.88,24
24,Shrink Sleeve v04,Packaging,2023-01,2023-W00,145,1038.2,7.25,20
24,Shrink Sleeve v04,Packaging,2023-02,2023-W05,140,1002.4000000000001,6.36,22
24,Shrink Sleeve v04,Packaging,2023-03,2023-W09,182,1303.1200000000001,7.91,23
24,Shrink Sleeve v04,Packaging,2023-04,2023-W13,301,2155.16,12.04,25
24,Shrink Sleeve v04,Packaging,2023-05,2023-W18,332,2377.1200000000003,14.43,23
24,Shrink Sleeve v04,Packaging,2023-06,2023-W22,311,2226.7599999999998,13.52,23
24,Shrink Sleeve v04,Packaging,2023-07,2023-W26,297,2126.52,11.88,25
24,Shrink Sleeve v04,Packaging,2023-08,2023-W31,265,1897.4000000000005,12.05,22
24,Shrink Sleeve v04,Packaging,2023-09,2023-W35,263,1883.0799999999997,11.43,23
24,Shrink Sleeve v04,Packaging,2023-10,2023-W39,219,1568.0399999999995,9.95,22
24,Shrink Sleeve v04,Packaging,2023-11,2023-W44,246,1761.36,9.84,25
24,Shrink Sleeve v04,Packaging,2023-12,2023-W48,205,1467.7999999999997,9.32,22
25,Pallet Wrap v05,Packaging,2022-01,2022-W00,605,8143.299999999999,22.41,27
25,Pallet Wrap v05,Packaging,2022-02,2022-W05,513,6904.979999999999,19.73,26
25,Pallet Wrap v05,Packaging,2022-03,2022-W09,646,8695.16,21.53,30
25,Pallet Wrap v05,Packaging,2022-04,2022-W13,661,8897.060000000001,26.44,25
25,Pallet Wrap v05,Packaging,2022-05,2022-W17,816,10983.359999999999,30.22,27
25,Pallet Wrap v05,Packaging,2022-06,2022-W22,712,9583.52,27.38,26
25,Pallet Wrap v05,Packaging,2022-07,2022-W26,722,9718.119999999999,26.74,27
25,Pallet Wrap v05,Packaging,2022-08,2022-W31,709,9543.14,26.26,27
25,Pallet Wrap v05,Packaging,2022-09,2022-W35,710,9556.6,26.3,27
25,Pallet Wrap v05,Packaging,2022-10,2022-W39,766,10310.36,25.53,30
25,Pallet Wrap v05,Packaging,2022-11,2022-W44,685,9220.099999999999,24.46,28
25,Pallet Wrap v05,Packaging,2022-12,2022-W48,540,7268.400000000001,24.55,22
25,Pallet Wrap v05,Packaging,2023-01,2023-W00,638,8587.480000000001,22.79,28
25,Pallet Wrap v05,Packaging,2023-02,2023-W05,524,7053.04,22.78,23
25,Pallet Wrap v05,Packaging,2023-03,2023-W09,634,8533.64,26.42,24
25,Pallet Wrap v05,Packaging,2023-04,2023-W13,808,10875.680000000002,27.86,29
25,Pallet Wrap v05,Packaging,2023-05,2023-W18,960,12921.599999999999,33.1,29
25,Pallet Wrap v05,Packaging,2023-06,2023-W22,898,12087.08,35.92,25
25,Pallet Wrap v05,Packaging,2023-07,2023-W26,799,10754.539999999999,30.73,26
25,Pallet Wrap v05,Packaging,2023-08,2023-W31,844,11360.239999999998,29.1,29
25,Pallet Wrap v05,Packaging,2023-09,2023-W35,699,9408.539999999999,25.89,27
25,Pallet Wrap v05,Packaging,2023-10,2023-W39,798,10741.080000000002,28.5,28
25,Pallet Wrap v05,Packaging,2023-11,2023-W44,828,11144.88,27.6,30
25,Pallet Wrap v05,Packaging,2023-12,2023-W48,918,12356.279999999999,31.66,29
26,Foam Insert v06,Packaging,2022-01,2022-W00,288,1434.2399999999996,11.52,25
26,Foam Insert v06,Packaging,2022-02,2022-W05,252,1254.9599999999998,10.96,23
26,Foam Insert v06,Packaging,2022-03,2022-W09,330,1643.4000000000003,12.69,26
26,Foam Insert v06,Packaging,2022-04,2022-W13,390,1942.1999999999998,15.6,25
26,Foam Insert v06,Packaging,2022-05,2022-W17,488,2430.24,18.07,27
26,Foam Insert v06,Packaging,2022-06,2022-W22,397,1977.0600000000004,15.88,25
26,Foam Insert v06,Packaging,2022-07,2022-W26,372,1852.5600000000002,16.17,23
26,Foam Insert v06,Packaging,2022-08,2022-W31,384,1912.3200000000002,14.77,26
26,Foam Insert v06,Packaging,2022-09,2022-W35,349,1738.02,15.17,23
26,Foam Insert v06,Packaging,2022-10,2022-W39,349,1738.0200000000002,13.96,25
26,Foam Insert v06,Packaging,2022-11,2022-W44,322,1603.5600000000004,14.0,23
26,Foam Insert v06,Packaging,2022-12,2022-W48,313,1558.7399999999998,13.04,24
26,Foam Insert v06,Packaging,2023-01,2023-W00,298,1484.0400000000002,12.96,23
26,Foam Insert v06,Packaging,2023-02,2023-W05,279,1389.42,11.63,24
26,Foam Insert v06,Packaging,2023-03,2023-W09,322,1603.5600000000004,13.42,24
26,Foam Insert v06,Packaging,2023-04,2023-W13,454,2260.92,15.66,29
26,Foam Insert v06,Packaging,2023-05,2023-W18,474,2360.5199999999995,17.56,27
26,Foam Insert v06,Packaging,2023-06,2023-W22,460,2290.8,18.4,25
26,Foam Insert v06,Packaging,2023-07,2023-W26,456,2270.88,16.29,28
26,Foam Insert v06,Packaging,2023-08,2023-W31,425,2116.5000000000005,16.35,26
26,Foam Insert v06,Packaging,2023-09,2023-W35,431,2146.3799999999997,16.58,26
26,Foam Insert v06,Packaging,2023-10,2023-W39,435,2166.3,16.11,27
26,Foam Insert v06,Packaging,2023-11,2023-W44,349,1738.0200000000002,14.54,24
26,Foam Insert v06,Packaging,2023-12,2023-W48,336,1673.28,14.0,24
27,Corrugated Sheet v07,Packaging,2022-01,2022-W00,354,3798.419999999999,20.82,17
27,Corrugated Sheet v07,Packaging,2022-02,2022-W05,333,3573.0899999999997,17.53,19
27,Corrugated Sheet v07,Packaging,2022-03,2022-W09,476,5107.48,22.67,21
27,Corrugated Sheet v07,Packaging,2022-04,2022-W13,682,7317.86,35.89,19
27,Corrugated Sheet v07,Packaging,2022-05,2022-W17,1030,11051.899999999998,42.92,24
27,Corrugated Sheet v07,Packaging,2022-06,2022-W22,698,7489.540000000002,36.74,19
27,Corrugated Sheet v07,Packaging,2022-07,2022-W26,845,9066.85,33.8,25
27,Corrugated Sheet v07,Packaging,2022-08,2022-W31,751,8058.229999999998,31.29,24
27,Corrugated Sheet v07,Packaging,2022-09,2022-W35,644,6910.120000000001,33.89,19
27,Corrugated Sheet v07,Packaging,2022-10,2022-W39,600,6437.999999999999,31.58,19
27,Corrugated Sheet v07,Packaging,2022-11,2022-W44,543,5826.389999999999,25.86,21
27,Corrugated Sheet v07,Packaging,2022-12,2022-W48,649,6963.77,29.5,22
27,Corrugated Sheet v07,Packaging,2023-01,2023-W00,395,4238.349999999999,23.24,17
27,Corrugated Sheet v07,Packaging,2023-02,2023-W05,328,3519.4399999999996,20.5,16
27,Corrugated Sheet v07,Packaging,2023-03,2023-W09,530,5686.900000000001,25.24,21
27,Corrugated Sheet v07,Packaging,2023-04,2023-W13,858,9206.34,40.86,21
27,Corrugated Sheet v07,Packaging,2023-05,2023-W18,780,8369.4,48.75,16
27,Corrugated Sheet v07,Packaging,2023-06,2023-W22,792,8498.160000000002,39.6,20
27,Corrugated Sheet v07,Packaging,2023-07,2023-W26,813,8723.489999999998,40.65,20
27,Corrugated Sheet v07,Packaging,2023-08,2023-W31,821,8809.33,37.32,22
27,Corrugated Sheet v07,Packaging,2023-09,2023-W35,910,9764.3,37.92,24
27,Corrugated Sheet v07,Packaging,2023-10,2023-W39,564,6051.719999999998,31.33,18
27,Corrugated Sheet v07,Packaging,2023-11,2023-W44,534,5729.82,29.67,18
27,Corrugated Sheet v07,Packaging,2023-12,2023-W48,718,7704.139999999999,34.19,21
28,Tape Dispenser v08,Packaging,2022-01,2022-W00,186,1506.6000000000001,7.15,26
28,Tape Dispenser v08,Packaging,2022-02,2022-W05,141,1142.1000000000001,6.13,23
28,Tape Dispenser v08,Packaging,2022-03,2022-W09,183,1482.3000000000002,8.71,21
28,Tape Dispenser v08,Packaging,2022-04,2022-W13,300,2430.0,12.0,25
28,Tape Dispenser v08,Packaging,2022-05,2022-W18,286,2316.6000000000004,15.05,19
28,Tape Dispenser v08,Packaging,2022-06,2022-W22,321,2600.1000000000004,13.96,23
28,Tape Dispenser v08,Packaging,2022-07,2022-W26,270,2187.0000000000005,11.74,23
28,Tape Dispenser v08,Packaging,2022-08,2022-W31,210,1701.0,12.35,17
28,Tape Dispenser v08,Packaging,2022-09,2022-W35,232,1879.2000000000003,12.21,19
28,Tape Dispenser v08,Packaging,2022-10,2022-W39,224,1814.4000000000003,9.74,23
28,Tape Dispenser v08,Packaging,2022-11,2022-W44,252,2041.2,10.08,25
28,Tape Dispenser v08,Packaging,2022-12,2022-W48,255,2065.5,10.2,25
28,Tape Dispenser v08,Packaging,2023-01,2023-W00,218,1765.8000000000002,8.38,26
28,Tape Dispenser v08,Packaging,2023-02,2023-W05,145,1174.5,7.25,20
28,Tape Dispenser v08,Packaging,2023-03,2023-W09,200,1620.0000000000002,8.7,23
28,Tape Dispenser v08,Packaging,2023-04,2023-W13,307,2486.7,13.35,23
28,Tape Dispenser v08,Packaging,2023-05,2023-W18,400,3240.0000000000005,16.0,25
28,Tape Dispenser v08,Packaging,2023-06,2023-W22,315,2551.5,15.75,20
28,Tape Dispenser v08,Packaging,2023-07,2023-W26,293,2373.3,13.95,21
28,Tape Dispenser v08,Packaging,2023-08,2023-W31,295,2389.5,14.05,21
28,Tape Dispenser v08,Packaging,2023-09,2023-W35,270,2187.0,11.74,23
28,Tape Dispenser v08,Packaging,2023-10,2023-W40,193,1563.2999999999997,10.16,19
28,Tape Dispenser v08,Packaging,2023-11,2023-W44,225,1822.5000000000002,10.71,21
28,Tape Dispenser v08,Packaging,2023-12,2023-W48,194,1571.3999999999999,11.41,17
29,Poly Bag v09,Packaging,2022-01,2022-W00,242,227.48,17.29,14
29,Poly Bag v09,Packaging,2022-02,2022-W05,283,266.02,17.69,16
29,Poly Bag v09,Packaging,2022-03,2022-W09,287,269.78000000000003,20.5,14
29,Poly Bag v09,Packaging,2022-04,2022-W13,357,335.58,25.5,14
29,Poly Bag v09,Packaging,2022-05,2022-W17,594,558.3599999999999,31.26,19
29,Poly Bag v09,Packaging,2022-06,2022-W22,604,567.7599999999999,27.45,22
29,Poly Bag v09,Packaging,2022-07,2022-W26,440,413.6,24.44,18
29,Poly Bag v09,Packaging,2022-08,2022-W31,425,399.5,26.56,16
29,Poly Bag v09,Packaging,2022-09,2022-W35,415,390.1,25.94,16
29,Poly Bag v09,Packaging,2022-10,2022-W40,370,347.8,23.13,16
29,Poly Bag v09,Packaging,2022-11,2022-W44,395,371.3,21.94,18
29,Poly Bag v09,Packaging,2022-12,2022-W48,262,246.28,23.82,11
29,Poly Bag v09,Packaging,2023-01,2023-W01,351,329.94000000000005,21.94,16
29,Poly Bag v09,Packaging,2023-02,2023-W05,362,340.28000000000003,19.05,19
29,Poly Bag v09,Packaging,2023-03,2023-W09,373,350.61999999999995,21.94,17
29,Poly Bag v09,Packaging,2023-04,2023-W14,397,373.17999999999995,28.36,14
29,Poly Bag v09,Packaging,2023-05,2023-W18,504,473.76,33.6,15
29,Poly Bag v09,Packaging,2023-06,2023-W22,550,517.0,30.56,18
29,Poly Bag v09,Packaging,2023-07,2023-W26,460,432.4,30.67,15
29,Poly Bag v09,Packaging,2023-08,2023-W31,536,503.84,29.78,18
29,Poly Bag v09,Packaging,2023-09,2023-W35,438,411.71999999999997,27.38,16
29,Poly Bag v09,Packaging,2023-10,2023-W39,389,365.65999999999997,25.93,15
29,Poly Bag v09,Packaging,2023-11,2023-W44,339,318.66,22.6,15
29,Poly Bag v09,Packaging,2023-12,2023-W48,448,421.12,24.89,18
30,Label Stock v10,Packaging,2022-01,2022-W00,382,2822.9799999999996,21.22,18
30,Label Stock v10,Packaging,2022-02,2022-W05,316,2335.2400000000002,21.07,15
30,Label Stock v10,Packaging,2022-03,2022-W09,410,3029.9,22.78,18
30,Label Stock v10,Packaging,2022-04,2022-W14,393,2904.2699999999995,30.23,13
30,Label Stock v10,Packaging,2022-05,2022-W17,547,4042.3299999999995,32.18,17
30,Label Stock v10,Packaging,2022-06,2022-W22,635,4692.65,30.24,21
30,Label Stock v10,Packaging,2022-07,2022-W26,458,3384.62,30.53,15
30,Label Stock v10,Packaging,2022-08,2022-W31,463,3421.5699999999997,27.24,17
30,Label Stock v10,Packaging,2022-09,2022-W35,419,3096.4100000000003,27.93,15
30,Label Stock v10,Packaging,2022-10,2022-W40,423,3125.9700000000003,28.2,15
30,Label Stock v10,Packaging,2022-11,2022-W44,341,2519.9900000000002,26.23,13
30,Label Stock v10,Packaging,2022-12,2022-W48,488,3606.32,27.11,18
30,Label Stock v10,Packaging,2023-01,2023-W00,466,3443.7400000000002,24.53,19
30,Label Stock v10,Packaging,2023-02,2023-W06,338,2497.82,22.53,15
30,Label Stock v10,Packaging,2023-03,2023-W09,414,3059.46,25.88,16
30,Label Stock v10,Packaging,2023-04,2023-W14,458,3384.6199999999994,32.71,14
30,Label Stock v10,Packaging,2023-05,2023-W18,486,3591.5400000000004,37.38,13
30,Label Stock v10,Packaging,2023-06,2023-W22,517,3820.63,32.31,16
30,Label Stock v10,Packaging,2023-07,2023-W27,464,3428.96,35.69,13
30,Label Stock v10,Packaging,2023-08,2023-W31,453,3347.67,32.36,14
30,Label Stock v10,Packaging,2023-09,2023-W35,491,3628.49,32.73,15
30,Label Stock v10,Packaging,2023-10,2023-W40,377,2786.0299999999997,31.42,12
30,Label Stock v10,Packaging,2023-11,2023-W44,431,3185.09,30.79,14
30,Label Stock v10,Packaging,2023-12,2023-W48,543,4012.7699999999995,30.17,18
31,Aluminum Sheet v01,Raw Materials,2022-01,2022-W00,261,5483.609999999999,12.43,21
31,Aluminum Sheet v01,Raw Materials,2022-02,2022-W05,161,3382.6099999999997,11.5,14
31,Aluminum Sheet v01,Raw Materials,2022-03,2022-W09,229,4811.289999999999,13.47,17
31,Aluminum Sheet v01,Raw Materials,2022-04,2022-W13,304,6387.039999999998,16.89,18
31,Aluminum Sheet v01,Raw Materials,2022-05,2022-W17,375,7878.749999999998,19.74,19
31,Aluminum Sheet v01,Raw Materials,2022-06,2022-W22,288,6050.879999999998,19.2,15
31,Aluminum Sheet v01,Raw Materials,2022-07,2022-W26,282,5924.82,16.59,17
31,Aluminum Sheet v01,Raw Materials,2022-08,2022-W31,387,8130.869999999999,17.59,22
31,Aluminum Sheet v01,Raw Materials,2022-09,2022-W35,327,6870.2699999999995,17.21,19
31,Aluminum Sheet v01,Raw Materials,2022-10,2022-W39,335,7038.3499999999985,15.23,22
31,Aluminum Sheet v01,Raw Materials,2022-11,2022-W44,256,5378.56,15.06,17
31,Aluminum Sheet v01,Raw Materials,2022-12,2022-W48,290,6092.9,15.26,19
31,Aluminum Sheet v01,Raw Materials,2023-01,2023-W00,240,5042.4,14.12,17
31,Aluminum Sheet v01,Raw Materials,2023-02,2023-W05,242,5084.420000000001,12.1,20
31,Aluminum Sheet v01,Raw Materials,2023-03,2023-W09,266,5588.66,14.78,18
31,Aluminum Sheet v01,Raw Materials,2023-04,2023-W13,265,5567.649999999999,18.93,14
31,Aluminum Sheet v01,Raw Materials,2023-05,2023-W18,416,8740.16,21.89,19
31,Aluminum Sheet v01,Raw Materials,2023-06,2023-W22,380,7983.799999999999,21.11,18
31,Aluminum Sheet v01,Raw Materials,2023-07,2023-W27,266,5588.66,19.0,14
31,Aluminum Sheet v01,Raw Materials,2023-08,2023-W31,424,8908.24,19.27,22
31,Aluminum Sheet v01,Raw Materials,2023-09,2023-W35,331,6954.3099999999995,19.47,17
31,Aluminum Sheet v01,Raw Materials,2023-10,2023-W40,299,6281.990000000001,17.59,17
31,Aluminum Sheet v01,Raw Materials,2023-11,2023-W44,300,6303.0,16.67,18
31,Aluminum Sheet v01,Raw Materials,2023-12,2023-W48,279,5861.79,17.44,16
32,Steel Rod v02,Raw Materials,2022-01,2022-W00,318,13473.659999999996,15.9,20
32,Steel Rod v02,Raw Materials,2022-02,2022-W05,253,10719.609999999999,12.65,20
32,Steel Rod v02,Raw Materials,2022-03,2022-W09,411,17414.07,17.87,23
32,Steel Rod v02,Raw Materials,2022-04,2022-W13,536,22710.319999999992,24.36,22
32,Steel Rod v02,Raw Materials,2022-05,2022-W17,565,23939.049999999996,28.25,20
32,Steel Rod v02,Raw Materials,2022-06,2022-W22,607,25718.589999999997,27.59,22
32,Steel Rod v02,Raw Materials,2022-07,2022-W26,558,23642.459999999995,24.26,23
32,Steel Rod v02,Raw Materials,2022-08,2022-W31,523,22159.509999999995,22.74,23
32,Steel Rod v02,Raw Materials,2022-09,2022-W35,430,18219.1,21.5,20
32,Steel Rod v02,Raw Materials,2022-10,2022-W39,450,19066.499999999996,20.45,22
32,Steel Rod v02,Raw Materials,2022-11,2022-W44,436,18473.32,20.76,21
32,Steel Rod v02,Raw Materials,2022-12,2022-W48,462,19574.94,20.09,23
32,Steel Rod v02,Raw Materials,2023-01,2023-W00,385,16312.45,17.5,22
32,Steel Rod v02,Raw Materials,2023-02,2023-W05,275,11651.75,14.47,19
32,Steel Rod v02,Raw Materials,2023-03,2023-W09,406,17202.219999999998,19.33,21
32,Steel Rod v02,Raw Materials,2023-04,2023-W13,582,24659.340000000007,27.71,21
32,Steel Rod v02,Raw Materials,2023-05,2023-W18,731,30972.47,30.46,24
32,Steel Rod v02,Raw Materials,2023-06,2023-W22,685,29023.45,29.78,23
32,Steel Rod v02,Raw Materials,2023-07,2023-W26,646,27371.019999999993,26.92,24
32,Steel Rod v02,Raw Materials,2023-08,2023-W31,634,26862.58,26.42,24
32,Steel Rod v02,Raw Materials,2023-09,2023-W35,508,21523.96,24.19,21
32,Steel Rod v02,Raw Materials,2023-10,2023-W39,460,19490.2,21.9,21
32,Steel Rod v02,Raw Materials,2023-11,2023-W44,465,19702.05,22.14,21
32,Steel Rod v02,Raw Materials,2023-12,2023-W48,519,21990.029999999995,20.76,25
33,Copper Wire v03,Raw Materials,2022-01,2022-W00,225,8428.500000000004,8.65,26
33,Copper Wire v03,Raw Materials,2022-02,2022-W05,203,7604.380000000003,8.12,25
33,Copper Wire v03,Raw Materials,2022-03,2022-W09,279,10451.34,9.62,29
33,Copper Wire v03,Raw Materials,2022-04,2022-W13,315,11799.9,12.12,26
33,Copper Wire v03,Raw Materials,2022-05,2022-W17,421,15770.660000000002,14.03,30
33,Copper Wire v03,Raw Materials,2022-06,2022-W22,317,11874.820000000002,13.21,24
33,Copper Wire v03,Raw Materials,2022-07,2022-W26,326,12211.96,12.07,27
33,Copper Wire v03,Raw Materials,2022-08,2022-W31,345,12923.700000000003,12.32,28
33,Copper Wire v03,Raw Materials,2022-09,2022-W35,264,9889.44,12.0,22
33,Copper Wire v03,Raw Materials,2022-10,2022-W39,306,11462.76,11.77,26
33,Copper Wire v03,Raw Materials,2022-11,2022-W44,291,10900.860000000004,11.19,26
33,Copper Wire v03,Raw Materials,2022-12,2022-W48,283,10601.180000000002,10.88,26
33,Copper Wire v03,Raw Materials,2023-01,2023-W01,273,10226.580000000002,10.11,27
33,Copper Wire v03,Raw Materials,2023-02,2023-W05,262,9814.520000000004,9.7,27
33,Copper Wire v03,Raw Materials,2023-03,2023-W09,306,11462.76,10.93,28
33,Copper Wire v03,Raw Materials,2023-04,2023-W13,359,13448.14,13.3,27
33,Copper Wire v03,Raw Materials,2023-05,2023-W18,455,17044.300000000003,15.17,30
33,Copper Wire v03,Raw Materials,2023-06,2023-W22,364,13635.44,15.17,24
33,Copper Wire v03,Raw Materials,2023-07,2023-W26,370,13860.200000000003,13.7,27
33,Copper Wire v03,Raw Materials,2023-08,2023-W31,374,14010.04,13.85,27
33,Copper Wire v03,Raw Materials,2023-09,2023-W35,327,12249.420000000002,13.08,25
33,Copper Wire v03,Raw Materials,2023-10,2023-W39,337,12624.020000000002,12.48,27
33,Copper Wire v03,Raw Materials,2023-11,2023-W44,302,11312.919999999998,12.58,24
33,Copper Wire v03,Raw Materials,2023-12,2023-W48,344,12886.239999999998,12.74,27
34,PVC Pellets v04,Raw Materials,2022-01,2022-W00,258,31973.940000000002,13.58,19
34,PVC Pellets v04,Raw Materials,2022-02,2022-W05,191,23670.63,12.73,15
34,PVC Pellets v04,Raw Materials,2022-03,2022-W09,272,33708.96,14.32,19
34,PVC Pellets v04,Raw Materials,2022-04,2022-W13,331,41020.829999999994,17.42,19
34,PVC Pellets v04,Raw Materials,2022-05,2022-W18,374,46349.81999999999,19.68,19
34,PVC Pellets v04,Raw Materials,2022-06,2022-W22,346,42879.78,16.48,21
34,PVC Pellets v04,Raw Materials,2022-07,2022-W26,292,36187.56,16.22,18
34,PVC Pellets v04,Raw Materials,2022-08,2022-W31,405,50191.649999999994,16.2,25
34,PVC Pellets v04,Raw Materials,2022-09,2022-W35,297,36807.20999999999,16.5,18
34,PVC Pellets v04,Raw Materials,2022-10,2022-W39,365,45234.44999999999,16.59,22
34,PVC Pellets v04,Raw Materials,2022-11,2022-W44,333,41268.68999999999,15.86,21
34,PVC Pellets v04,Raw Materials,2022-12,2022-W49,288,35691.84,15.16,19
34,PVC Pellets v04,Raw Materials,2023-01,2023-W00,281,34824.33,14.79,19
34,PVC Pellets v04,Raw Materials,2023-02,2023-W05,269,33337.170000000006,14.16,19
34,PVC Pellets v04,Raw Materials,2023-03,2023-W09,374,46349.819999999985,15.58,24
34,PVC Pellets v04,Raw Materials,2023-04,2023-W13,436,54033.48,18.17,24
34,PVC Pellets v04,Raw Materials,2023-05,2023-W18,403,49943.789999999986,20.15,20
34,PVC Pellets v04,Raw Materials,2023-06,2023-W22,294,36435.42,19.6,15
34,PVC Pellets v04,Raw Materials,2023-07,2023-W27,446,55272.779999999984,19.39,23
34,PVC Pellets v04,Raw Materials,2023-08,2023-W31,417,51678.81,18.95,22
34,PVC Pellets v04,Raw Materials,2023-09,2023-W35,383,47465.189999999995,18.24,21
34,PVC Pellets v04,Raw Materials,2023-10,2023-W40,279,34576.47,18.6,15
34,PVC Pellets v04,Raw Materials,2023-11,2023-W44,447,55396.70999999999,18.63,24
34,PVC Pellets v04,Raw Materials,2023-12,2023-W48,382,47341.25999999999,17.36,22
35,Carbon Fiber Spool v05,Raw Materials,2022-01,2022-W00,177,6586.170000000002,7.08,25
35,Carbon Fiber Spool v05,Raw Materials,2022-02,2022-W05,123,4576.830000000001,6.47,19
35,Carbon Fiber Spool v05,Raw Materials,2022-03,2022-W09,147,5469.870000000001,7.35,20
35,Carbon Fiber Spool v05,Raw Materials,2022-04,2022-W13,180,6697.800000000002,9.0,20
35,Carbon Fiber Spool v05,Raw Materials,2022-05,2022-W17,270,10046.700000000003,11.25,24
35,Carbon Fiber Spool v05,Raw Materials,2022-06,2022-W22,185,6883.85,10.28,18
35,Carbon Fiber Spool v05,Raw Materials,2022-07,2022-W26,210,7814.100000000003,9.55,22
35,Carbon Fiber Spool v05,Raw Materials,2022-08,2022-W31,246,9153.660000000002,10.25,24
35,Carbon Fiber Spool v05,Raw Materials,2022-09,2022-W35,220,8186.200000000001,10.0,22
35,Carbon Fiber Spool v05,Raw Materials,2022-10,2022-W39,272,10121.12,10.07,27
35,Carbon Fiber Spool v05,Raw Materials,2022-11,2022-W44,201,7479.210000000004,9.14,22
35,Carbon Fiber Spool v05,Raw Materials,2022-12,2022-W48,170,6325.700000000002,8.1,21
35,Carbon Fiber Spool v05,Raw Materials,2023-01,2023-W01,194,7218.740000000003,7.76,25
35,Carbon Fiber Spool v05,Raw Materials,2023-02,2023-W05,159,5916.390000000002,7.23,22
35,Carbon Fiber Spool v05,Raw Materials,2023-03,2023-W09,219,8148.990000000002,9.13,24
35,Carbon Fiber Spool v05,Raw Materials,2023-04,2023-W13,277,10307.170000000002,11.54,24
35,Carbon Fiber Spool v05,Raw Materials,2023-05,2023-W18,325,12093.25,11.61,28
35,Carbon Fiber Spool v05,Raw Materials,2023-06,2023-W22,274,10195.54,12.45,22
35,Carbon Fiber Spool v05,Raw Materials,2023-07,2023-W26,231,8595.51,11.0,21
35,Carbon Fiber Spool v05,Raw Materials,2023-08,2023-W31,221,8223.410000000003,10.52,21
35,Carbon Fiber Spool v05,Raw Materials,2023-09,2023-W35,235,8744.350000000002,9.79,24
35,Carbon Fiber Spool v05,Raw Materials,2023-10,2023-W40,251,9339.710000000001,10.46,24
35,Carbon Fiber Spool v05,Raw Materials,2023-11,2023-W44,195,7255.95,9.29,21
35,Carbon Fiber Spool v05,Raw Materials,2023-12,2023-W48,183,6809.430000000002,9.63,19
36,Resin Block v06,Raw Materials,2022-01,2022-W00,524,42559.280000000006,20.96,25
36,Resin Block v06,Raw Materials,2022-02,2022-W05,478,38823.16,19.92,24
36,Resin Block v06,Raw Materials,2022-03,2022-W09,517,41990.74,19.88,26
36,Resin Block v06,Raw Materials,2022-04,2022-W13,599,48650.78,23.96,25
36,Resin Block v06,Raw Materials,2022-05,2022-W17,596,48407.119999999995,22.92,26
36,Resin Block v06,Raw Materials,2022-06,2022-W22,601,48813.22,23.12,26
36,Resin Block v06,Raw Materials,2022-07,2022-W26,683,55473.26000000001,24.39,28
36,Resin Block v06,Raw Materials,2022-08,2022-W31,575,46701.49999999999,23.96,24
36,Resin Block v06,Raw Materials,2022-09,2022-W35,573,46539.060000000005,23.88,24
36,Resin Block v06,Raw Materials,2022-10,2022-W39,700,56854.0,23.33,30
36,Resin Block v06,Raw Materials,2022-11,2022-W44,696,56529.11999999999,24.0,29
36,Resin Block v06,Raw Materials,2022-12,2022-W48,588,47757.35999999999,22.62,26
36,Resin Block v06,Raw Materials,2023-01,2023-W00,556,45158.31999999999,21.38,26
36,Resin Block v06,Raw Materials,2023-02,2023-W05,569,46214.179999999986,21.07,27
36,Resin Block v06,Raw Materials,2023-03,2023-W09,659,53523.98,23.54,28
36,Resin Block v06,Raw Materials,2023-04,2023-W13,754,61239.880000000005,26.0,29
36,Resin Block v06,Raw Materials,2023-05,2023-W18,727,59046.939999999995,27.96,26
36,Resin Block v06,Raw Materials,2023-06,2023-W22,645,52386.9,28.04,23
36,Resin Block v06,Raw Materials,2023-07,2023-W26,743,60346.46000000002,26.54,28
36,Resin Block v06,Raw Materials,2023-08,2023-W31,793,64407.46,27.34,29
36,Resin Block v06,Raw Materials,2023-09,2023-W35,748,60752.55999999999,28.77,26
36,Resin Block v06,Raw Materials,2023-10,2023-W39,692,56204.23999999999,26.62,26
36,Resin Block v06,Raw Materials,2023-11,2023-W44,656,53280.31999999999,25.23,26
36,Resin Block v06,Raw Materials,2023-12,2023-W48,734,59615.48,25.31,29
37,Rubber Compound v07,Raw Materials,2022-01,2022-W00,101,1544.2900000000002,4.59,22
37,Rubber Compound v07,Raw Materials,2022-02,2022-W05,110,1681.9000000000003,4.4,25
37,Rubber Compound v07,Raw Materials,2022-03,2022-W09,120,1834.8000000000004,4.62,26
37,Rubber Compound v07,Raw Materials,2022-04,2022-W13,128,1957.1200000000006,5.12,25
37,Rubber Compound v07,Raw Materials,2022-05,2022-W17,148,2262.92,5.48,27
37,Rubber Compound v07,Raw Materials,2022-06,2022-W22,148,2262.9199999999996,5.69,26
37,Rubber Compound v07,Raw Materials,2022-07,2022-W26,156,2385.24,5.38,29
37,Rubber Compound v07,Raw Materials,2022-08,2022-W31,154,2354.66,5.5,28
37,Rubber Compound v07,Raw Materials,2022-09,2022-W35,137,2094.73,5.48,25
37,Rubber Compound v07,Raw Materials,2022-10,2022-W39,132,2018.2800000000002,5.28,25
37,Rubber Compound v07,Raw Materials,2022-11,2022-W44,133,2033.5700000000004,5.54,24
37,Rubber Compound v07,Raw Materials,2022-12,2022-W48,134,2048.86,5.58,24
37,Rubber Compound v07,Raw Materials,2023-01,2023-W00,115,1758.3500000000006,5.23,22
37,Rubber Compound v07,Raw Materials,2023-02,2023-W05,117,1788.9300000000003,5.09,23
37,Rubber Compound v07,Raw Materials,2023-03,2023-W09,135,2064.1500000000005,5.19,26
37,Rubber Compound v07,Raw Materials,2023-04,2023-W13,114,1743.06,6.33,18
37,Rubber Compound v07,Raw Materials,2023-05,2023-W18,173,2645.17,6.65,26
37,Rubber Compound v07,Raw Materials,2023-06,2023-W22,152,2324.08,6.08,25
37,Rubber Compound v07,Raw Materials,2023-07,2023-W26,138,2110.02,6.0,23
37,Rubber Compound v07,Raw Materials,2023-08,2023-W31,158,2415.8199999999997,6.08,26
37,Rubber Compound v07,Raw Materials,2023-09,2023-W35,144,2201.7599999999998,6.26,23
37,Rubber Compound v07,Raw Materials,2023-10,2023-W39,119,1819.5100000000002,5.67,21
37,Rubber Compound v07,Raw Materials,2023-11,2023-W44,128,1957.1200000000001,6.1,21
37,Rubber Compound v07,Raw Materials,2023-12,2023-W48,169,2584.0099999999993,6.04,28
38,Zinc Ingot v08,Raw Materials,2022-01,2022-W00,459,10915.02,17.0,27
38,Zinc Ingot v08,Raw Materials,2022-02,2022-W05,291,6919.98,14.55,20
38,Zinc Ingot v08,Raw Materials,2022-03,2022-W09,466,11081.480000000003,18.64,25
38,Zinc Ingot v08,Raw Materials,2022-04,2022-W13,743,17668.539999999997,28.58,26
38,Zinc Ingot v08,Raw Materials,2022-05,2022-W17,889,21140.420000000002,34.19,26
38,Zinc Ingot v08,Raw Materials,2022-06,2022-W22,711,16907.579999999998,32.32,22
38,Zinc Ingot v08,Raw Materials,2022-07,2022-W26,786,18691.08,28.07,28
38,Zinc Ingot v08,Raw Materials,2022-08,2022-W31,748,17787.440000000002,28.77,26
38,Zinc Ingot v08,Raw Materials,2022-09,2022-W35,610,14505.799999999997,26.52,23
38,Zinc Ingot v08,Raw Materials,2022-10,2022-W39,638,15171.640000000001,23.63,27
38,Zinc Ingot v08,Raw Materials,2022-11,2022-W44,548,13031.439999999999,22.83,24
38,Zinc Ingot v08,Raw Materials,2022-12,2022-W48,521,12389.379999999996,21.71,24
38,Zinc Ingot v08,Raw Materials,2023-01,2023-W00,509,12104.020000000004,18.85,27
38,Zinc Ingot v08,Raw Materials,2023-02,2023-W05,388,9226.64,16.17,24
38,Zinc Ingot v08,Raw Materials,2023-03,2023-W09,478,11366.84,20.78,23
38,Zinc Ingot v08,Raw Materials,2023-04,2023-W13,829,19713.620000000003,30.7,27
38,Zinc Ingot v08,Raw Materials,2023-05,2023-W18,1078,25634.840000000007,37.17,29
38,Zinc Ingot v08,Raw Materials,2023-06,2023-W22,958,22781.24,35.48,27
38,Zinc Ingot v08,Raw Materials,2023-07,2023-W26,822,19547.16,31.62,26
38,Zinc Ingot v08,Raw Materials,2023-08,2023-W31,724,17216.72,31.48,23
38,Zinc Ingot v08,Raw Materials,2023-09,2023-W35,702,16693.56,30.52,23
38,Zinc Ingot v08,Raw Materials,2023-10,2023-W39,693,16479.54,26.65,26
38,Zinc Ingot v08,Raw Materials,2023-11,2023-W44,624,14838.72,24.96,25
38,Zinc Ingot v08,Raw Materials,2023-12,2023-W48,549,13055.220000000005,24.95,22
39,Titanium Powder v09,Raw Materials,2022-01,2022-W00,45,1126.3499999999995,1.8,25
39,Titanium Powder v09,Raw Materials,2022-02,2022-W05,23,575.69,1.53,15
39,Titanium Powder v09,Raw Materials,2022-03,2022-W09,34,851.0199999999998,1.79,19
39,Titanium Powder v09,Raw Materials,2022-04,2022-W13,41,1026.2299999999998,2.05,20
39,Titanium Powder v09,Raw Materials,2022-05,2022-W18,43,1076.2900000000002,2.26,19
39,Titanium Powder v09,Raw Materials,2022-06,2022-W22,41,1026.2299999999998,2.28,18
39,Titanium Powder v09,Raw Materials,2022-07,2022-W26,43,1076.2899999999995,2.05,21
39,Titanium Powder v09,Raw Materials,2022-08,2022-W31,50,1251.4999999999993,2.08,24
39,Titanium Powder v09,Raw Materials,2022-09,2022-W35,49,1226.4699999999996,2.04,24
39,Titanium Powder v09,Raw Materials,2022-10,2022-W39,47,1176.4099999999994,2.04,23
39,Titanium Powder v09,Raw Materials,2022-11,2022-W44,36,901.0799999999999,2.12,17
39,Titanium Powder v09,Raw Materials,2022-12,2022-W48,32,800.9599999999998,2.0,16
39,Titanium Powder v09,Raw Materials,2023-01,2023-W00,37,926.1099999999997,1.95,19
39,Titanium Powder v09,Raw Materials,2023-02,2023-W05,29,725.8699999999999,1.93,15
39,Titanium Powder v09,Raw Materials,2023-03,2023-W09,42,1051.2599999999995,2.0,21
39,Titanium Powder v09,Raw Materials,2023-04,2023-W14,37,926.1099999999999,2.31,16
39,Titanium Powder v09,Raw Materials,2023-05,2023-W18,47,1176.4099999999999,2.61,18
39,Titanium Powder v09,Raw Materials,2023-06,2023-W22,54,1351.62,2.7,20
39,Titanium Powder v09,Raw Materials,2023-07,2023-W26,47,1176.41,2.47,19
39,Titanium Powder v09,Raw Materials,2023-08,2023-W31,40,1001.1999999999998,2.35,17
39,Titanium Powder v09,Raw Materials,2023-09,2023-W35,47,1176.4099999999999,2.24,21
39,Titanium Powder v09,Raw Materials,2023-10,2023-W39,45,1126.3499999999995,2.14,21
39,Titanium Powder v09,Raw Materials,2023-11,2023-W44,41,1026.2299999999998,2.05,20
39,Titanium Powder v09,Raw Materials,2023-12,2023-W48,44,1101.3199999999997,2.1,21
40,Silicone Sheet v10,Raw Materials,2022-01,2022-W00,136,11021.439999999999,9.07,15
40,Silicone Sheet v10,Raw Materials,2022-02,2022-W05,133,10778.32,8.87,15
40,Silicone Sheet v10,Raw Materials,2022-03,2022-W09,136,11021.439999999999,8.5,16
40,Silicone Sheet v10,Raw Materials,2022-04,2022-W13,172,13938.88,10.75,16
40,Silicone Sheet v10,Raw Materials,2022-05,2022-W17,158,12804.319999999998,11.29,14
40,Silicone Sheet v10,Raw Materials,2022-06,2022-W22,128,10373.119999999999,11.64,11
40,Silicone Sheet v10,Raw Materials,2022-07,2022-W26,220,17828.800000000003,11.58,19
40,Silicone Sheet v10,Raw Materials,2022-08,2022-W31,203,16451.12,10.68,19
40,Silicone Sheet v10,Raw Materials,2022-09,2022-W35,176,14263.04,11.0,16
40,Silicone Sheet v10,Raw Materials,2022-10,2022-W39,174,14100.96,10.88,16
40,Silicone Sheet v10,Raw Materials,2022-11,2022-W44,189,15316.56,10.5,18
40,Silicone Sheet v10,Raw Materials,2022-12,2022-W49,95,7698.799999999999,10.56,9
40,Silicone Sheet v10,Raw Materials,2023-01,2023-W00,164,13290.56,10.25,16
40,Silicone Sheet v10,Raw Materials,2023-02,2023-W05,99,8022.959999999998,9.9,10
40,Silicone Sheet v10,Raw Materials,2023-03,2023-W09,142,11507.679999999998,9.47,15
40,Silicone Sheet v10,Raw Materials,2023-04,2023-W14,172,13938.88,12.29,14
40,Silicone Sheet v10,Raw Materials,2023-05,2023-W18,247,20016.88,13.72,18
40,Silicone Sheet v10,Raw Materials,2023-06,2023-W22,224,18152.96,13.18,17
40,Silicone Sheet v10,Raw Materials,2023-07,2023-W27,156,12642.24,12.0,13
40,Silicone Sheet v10,Raw Materials,2023-08,2023-W31,177,14344.079999999998,12.64,14
40,Silicone Sheet v10,Raw Materials,2023-09,2023-W35,115,9319.6,12.78,9
40,Silicone Sheet v10,Raw Materials,2023-10,2023-W40,158,12804.32,10.53,15
40,Silicone Sheet v10,Raw Materials,2023-11,2023-W44,173,14019.92,12.36,14
40,Silicone Sheet v10,Raw Materials,2023-12,2023-W48,136,11021.44,12.36,11
41,Thermal Paper Roll v01,Office Supplies,2022-01,2022-W00,295,2112.2,13.41,22
41,Thermal Paper Roll v01,Office Supplies,2022-02,2022-W05,162,1159.92,12.46,13
41,Thermal Paper Roll v01,Office Supplies,2022-03,2022-W09,245,1754.2,15.31,16
41,Thermal Paper Roll v01,Office Supplies,2022-04,2022-W13,333,2384.2799999999997,22.2,15
41,Thermal Paper Roll v01,Office Supplies,2022-05,2022-W17,398,2849.68,26.53,15
41,Thermal Paper Roll v01,Office Supplies,2022-06,2022-W22,438,3136.08,24.33,18
41,Thermal Paper Roll v01,Office Supplies,2022-07,2022-W26,374,2677.8399999999997,22.0,17
41,Thermal Paper Roll v01,Office Supplies,2022-08,2022-W31,340,2434.4,21.25,16
41,Thermal Paper Roll v01,Office Supplies,2022-09,2022-W35,290,2076.3999999999996,22.31,13
41,Thermal Paper Roll v01,Office Supplies,2022-10,2022-W39,245,1754.2,18.85,13
41,Thermal Paper Roll v01,Office Supplies,2022-11,2022-W44,269,1926.04,17.93,15
41,Thermal Paper Roll v01,Office Supplies,2022-12,2022-W48,277,1983.3199999999997,16.29,17
41,Thermal Paper Roll v01,Office Supplies,2023-01,2023-W00,272,1947.5199999999998,15.11,18
41,Thermal Paper Roll v01,Office Supplies,2023-02,2023-W05,197,1410.5200000000002,12.31,16
41,Thermal Paper Roll v01,Office Supplies,2023-03,2023-W09,284,2033.4399999999998,17.75,16
41,Thermal Paper Roll v01,Office Supplies,2023-04,2023-W14,386,2763.7599999999998,25.73,15
41,Thermal Paper Roll v01,Office Supplies,2023-05,2023-W18,514,3680.24,28.56,18
41,Thermal Paper Roll v01,Office Supplies,2023-06,2023-W22,501,3587.16,29.47,17
41,Thermal Paper Roll v01,Office Supplies,2023-07,2023-W26,311,2226.7599999999998,25.92,12
41,Thermal Paper Roll v01,Office Supplies,2023-08,2023-W31,434,3107.4399999999996,24.11,18
41,Thermal Paper Roll v01,Office Supplies,2023-09,2023-W35,264,1890.2400000000002,24.0,11
41,Thermal Paper Roll v01,Office Supplies,2023-10,2023-W40,336,2405.76,22.4,15
41,Thermal Paper Roll v01,Office Supplies,2023-11,2023-W44,242,1732.72,20.17,12
41,Thermal Paper Roll v01,Office Supplies,2023-12,2023-W48,336,2405.76,19.76,17
42,Printer Cartridge v02,Office Supplies,2022-01,2022-W00,144,614.8800000000002,5.33,27
42,Printer Cartridge v02,Office Supplies,2022-02,2022-W05,115,491.0500000000001,5.0,23
42,Printer Cartridge v02,Office Supplies,2022-03,2022-W09,141,602.07,5.42,26
42,Printer Cartridge v02,Office Supplies,2022-04,2022-W13,165,704.5499999999997,7.17,23
42,Printer Cartridge v02,Office Supplies,2022-05,2022-W17,242,1033.3399999999997,8.34,29
42,Printer Cartridge v02,Office Supplies,2022-06,2022-W22,208,888.1599999999996,8.0,26
42,Printer Cartridge v02,Office Supplies,2022-07,2022-W26,184,785.6799999999998,7.36,25
42,Printer Cartridge v02,Office Supplies,2022-08,2022-W31,203,866.8099999999995,7.52,27
42,Printer Cartridge v02,Office Supplies,2022-09,2022-W35,154,657.5799999999999,6.7,23
42,Printer Cartridge v02,Office Supplies,2022-10,2022-W39,191,815.5699999999999,6.59,29
42,Printer Cartridge v02,Office Supplies,2022-11,2022-W44,162,691.7399999999999,6.48,25
42,Printer Cartridge v02,Office Supplies,2022-12,2022-W48,167,713.0899999999999,6.42,26
42,Printer Cartridge v02,Office Supplies,2023-01,2023-W00,158,674.6600000000002,6.08,26
42,Printer Cartridge v02,Office Supplies,2023-02,2023-W05,120,512.4000000000001,5.22,23
42,Printer Cartridge v02,Office Supplies,2023-03,2023-W09,175,747.2499999999999,6.25,28
42,Printer Cartridge v02,Office Supplies,2023-04,2023-W13,207,883.8899999999998,8.28,25
42,Printer Cartridge v02,Office Supplies,2023-05,2023-W18,270,1152.8999999999999,9.31,29
42,Printer Cartridge v02,Office Supplies,2023-06,2023-W22,232,990.6399999999996,8.59,27
42,Printer Cartridge v02,Office Supplies,2023-07,2023-W26,223,952.2099999999997,7.96,28
42,Printer Cartridge v02,Office Supplies,2023-08,2023-W31,205,875.3499999999996,8.2,25
42,Printer Cartridge v02,Office Supplies,2023-09,2023-W35,204,871.0799999999997,7.85,26
42,Printer Cartridge v02,Office Supplies,2023-10,2023-W39,165,704.55,7.5,22
42,Printer Cartridge v02,Office Supplies,2023-11,2023-W44,155,661.8499999999998,7.38,21
42,Printer Cartridge v02,Office Supplies,2023-12,2023-W48,219,935.1299999999997,7.3,30
43,Staple Pack v03,Office Supplies,2022-01,2022-W00,393,1410.87,15.72,25
43,Staple Pack v03,Office Supplies,2022-02,2022-W05,327,1173.93,15.57,21
43,Staple Pack v03,Office Supplies,2022-03,2022-W09,405,1453.95,17.61,23
43,Staple Pack v03,Office Supplies,2022-04,2022-W13,429,1540.1100000000001,21.45,20
43,Staple Pack v03,Office Supplies,2022-05,2022-W18,571,2049.89,24.83,23
43,Staple Pack v03,Office Supplies,2022-06,2022-W22,554,1988.8599999999997,24.09,23
43,Staple Pack v03,Office Supplies,2022-07,2022-W26,447,1604.73,22.35,20
43,Staple Pack v03,Office Supplies,2022-08,2022-W31,479,1719.61,22.81,21
43,Staple Pack v03,Office Supplies,2022-09,2022-W35,432,1550.8799999999999,20.57,21
43,Staple Pack v03,Office Supplies,2022-10,2022-W39,404,1450.3600000000001,21.26,19
43,Staple Pack v03,Office Supplies,2022-11,2022-W44,405,1453.9499999999998,19.29,21
43,Staple Pack v03,Office Supplies,2022-12,2022-W48,456,1637.0400000000002,21.71,21
43,Staple Pack v03,Office Supplies,2023-01,2023-W00,394,1414.4600000000003,18.76,21
43,Staple Pack v03,Office Supplies,2023-02,2023-W05,369,1324.7099999999998,18.45,20
43,Staple Pack v03,Office Supplies,2023-03,2023-W09,520,1866.8,20.0,26
43,Staple Pack v03,Office Supplies,2023-04,2023-W13,567,2035.53,24.65,23
43,Staple Pack v03,Office Supplies,2023-05,2023-W18,642,2304.7800000000007,27.91,23
43,Staple Pack v03,Office Supplies,2023-06,2023-W22,503,1805.7700000000002,25.15,20
43,Staple Pack v03,Office Supplies,2023-07,2023-W26,508,1823.7199999999998,26.74,19
43,Staple Pack v03,Office Supplies,2023-08,2023-W31,477,1712.4299999999998,26.5,18
43,Staple Pack v03,Office Supplies,2023-09,2023-W35,582,2089.38,24.25,24
43,Staple Pack v03,Office Supplies,2023-10,2023-W39,486,1744.7399999999998,21.13,23
43,Staple Pack v03,Office Supplies,2023-11,2023-W44,480,1723.2,22.86,21
43,Staple Pack v03,Office Supplies,2023-12,2023-W48,502,1802.1799999999996,21.83,23
44,File Folder v04,Office Supplies,2022-01,2022-W00,116,713.4,8.29,14
44,File Folder v04,Office Supplies,2022-02,2022-W05,69,424.34999999999997,7.67,9
44,File Folder v04,Office Supplies,2022-03,2022-W09,131,805.6499999999999,8.19,16
44,File Folder v04,Office Supplies,2022-04,2022-W13,175,1076.25,10.29,17
44,File Folder v04,Office Supplies,2022-05,2022-W17,192,1180.8000000000002,12.8,15
44,File Folder v04,Office Supplies,2022-06,2022-W22,186,1143.8999999999999,11.63,16
44,File Folder v04,Office Supplies,2022-07,2022-W26,173,1063.95,10.18,17
44,File Folder v04,Office Supplies,2022-08,2022-W31,215,1322.25,11.32,19
44,File Folder v04,Office Supplies,2022-09,2022-W35,151,928.6500000000001,10.07,15
44,File Folder v04,Office Supplies,2022-10,2022-W39,143,879.4500000000002,10.21,14
44,File Folder v04,Office Supplies,2022-11,2022-W44,112,688.8000000000001,8.62,13
44,File Folder v04,Office Supplies,2022-12,2022-W48,165,1014.75,9.71,17
44,File Folder v04,Office Supplies,2023-01,2023-W01,144,885.6,8.47,17
44,File Folder v04,Office Supplies,2023-02,2023-W05,168,1033.2,9.33,18
44,File Folder v04,Office Supplies,2023-03,2023-W09,172,1057.8,10.12,17
44,File Folder v04,Office Supplies,2023-04,2023-W14,117,719.55,11.7,10
44,File Folder v04,Office Supplies,2023-05,2023-W18,165,1014.7500000000001,15.0,11
44,File Folder v04,Office Supplies,2023-06,2023-W22,253,1555.9500000000003,13.32,19
44,File Folder v04,Office Supplies,2023-07,2023-W26,205,1260.75,12.81,16
44,File Folder v04,Office Supplies,2023-08,2023-W31,216,1328.3999999999999,13.5,16
44,File Folder v04,Office Supplies,2023-09,2023-W35,201,1236.15,11.82,17
44,File Folder v04,Office Supplies,2023-10,2023-W39,193,1186.9500000000003,11.35,17
44,File Folder v04,Office Supplies,2023-11,2023-W44,223,1371.45,11.74,19
44,File Folder v04,Office Supplies,2023-12,2023-W48,198,1217.7,11.65,17
45,Desk Organizer v05,Office Supplies,2022-01,2022-W00,321,2076.87,13.96,23
45,Desk Organizer v05,Office Supplies,2022-02,2022-W05,268,1733.96,13.4,20
45,Desk Organizer v05,Office Supplies,2022-03,2022-W09,317,2050.99,15.85,20
45,Desk Organizer v05,Office Supplies,2022-04,2022-W13,530,3429.1,21.2,25
45,Desk Organizer v05,Office Supplies,2022-05,2022-W17,582,3765.5399999999995,24.25,24
45,Desk Organizer v05,Office Supplies,2022-06,2022-W22,506,3273.820000000001,24.1,21
45,Desk Organizer v05,Office Supplies,2022-07,2022-W26,448,2898.5599999999995,19.48,23
45,Desk Organizer v05,Office Supplies,2022-08,2022-W31,516,3338.520000000001,21.5,24
45,Desk Organizer v05,Office Supplies,2022-09,2022-W35,438,2833.8599999999997,20.86,21
45,Desk Organizer v05,Office Supplies,2022-10,2022-W39,445,2879.1499999999996,17.8,25
45,Desk Organizer v05,Office Supplies,2022-11,2022-W44,413,2672.1099999999997,17.21,24
45,Desk Organizer v05,Office Supplies,2022-12,2022-W48,329,2128.63,18.28,18
45,Desk Organizer v05,Office Supplies,2023-01,2023-W00,388,2510.3599999999997,16.87,23
45,Desk Organizer v05,Office Supplies,2023-02,2023-W05,265,1714.5499999999997,12.62,21
45,Desk Organizer v05,Office Supplies,2023-03,2023-W09,343,2219.21,16.33,21
45,Desk Organizer v05,Office Supplies,2023-04,2023-W13,527,3409.69,23.95,22
45,Desk Organizer v05,Office Supplies,2023-05,2023-W18,623,4030.8099999999995,27.09,23
45,Desk Organizer v05,Office Supplies,2023-06,2023-W22,517,3344.9900000000007,25.85,20
45,Desk Organizer v05,Office Supplies,2023-07,2023-W26,640,4140.799999999999,23.7,27
45,Desk Organizer v05,Office Supplies,2023-08,2023-W31,582,3765.5399999999995,24.25,24
45,Desk Organizer v05,Office Supplies,2023-09,2023-W35,552,3571.44,24.0,23
45,Desk Organizer v05,Office Supplies,2023-10,2023-W40,430,2782.0999999999995,21.5,20
45,Desk Organizer v05,Office Supplies,2023-11,2023-W44,353,2283.9100000000003,20.76,17
45,Desk Organizer v05,Office Supplies,2023-12,2023-W48,422,2730.34,20.1,21
46,Whiteboard Marker v06,Office Supplies,2022-01,2022-W00,245,191.10000000000005,9.8,25
46,Whiteboard Marker v06,Office Supplies,2022-02,2022-W05,188,146.64,8.95,21
46,Whiteboard Marker v06,Office Supplies,2022-03,2022-W09,231,180.18,10.5,22
46,Whiteboard Marker v06,Office Supplies,2022-04,2022-W13,353,275.34,16.05,22
46,Whiteboard Marker v06,Office Supplies,2022-05,2022-W17,452,352.56,17.38,26
46,Whiteboard Marker v06,Office Supplies,2022-06,2022-W22,349,272.2199999999999,15.86,22
46,Whiteboard Marker v06,Office Supplies,2022-07,2022-W26,354,276.11999999999995,14.16,25
46,Whiteboard Marker v06,Office Supplies,2022-08,2022-W31,356,277.67999999999995,14.83,24
46,Whiteboard Marker v06,Office Supplies,2022-09,2022-W35,321,250.3799999999999,15.29,21
46,Whiteboard Marker v06,Office Supplies,2022-10,2022-W39,298,232.44,13.55,22
46,Whiteboard Marker v06,Office Supplies,2022-11,2022-W44,308,240.23999999999998,12.83,24
46,Whiteboard Marker v06,Office Supplies,2022-12,2022-W48,377,294.06,13.0,29
46,Whiteboard Marker v06,Office Supplies,2023-01,2023-W01,274,213.72000000000006,11.42,24
46,Whiteboard Marker v06,Office Supplies,2023-02,2023-W05,187,145.85999999999999,9.35,20
46,Whiteboard Marker v06,Office Supplies,2023-03,2023-W09,230,179.4,12.11,19
46,Whiteboard Marker v06,Office Supplies,2023-04,2023-W13,406,316.68,16.24,25
46,Whiteboard Marker v06,Office Supplies,2023-05,2023-W18,475,370.5,19.0,25
46,Whiteboard Marker v06,Office Supplies,2023-06,2023-W22,377,294.05999999999995,18.85,20
46,Whiteboard Marker v06,Office Supplies,2023-07,2023-W26,475,370.5,16.96,28
46,Whiteboard Marker v06,Office Supplies,2023-08,2023-W31,446,347.87999999999994,17.15,26
46,Whiteboard Marker v06,Office Supplies,2023-09,2023-W35,410,319.7999999999999,16.4,25
46,Whiteboard Marker v06,Office Supplies,2023-10,2023-W39,335,261.3,14.57,23
46,Whiteboard Marker v06,Office Supplies,2023-11,2023-W44,321,250.37999999999997,14.59,22
46,Whiteboard Marker v06,Office Supplies,2023-12,2023-W48,339,264.41999999999996,14.13,24
47,Binding Comb v07,Office Supplies,2022-01,2022-W00,163,1276.29,6.79,24
47,Binding Comb v07,Office Supplies,2022-02,2022-W05,121,947.4299999999998,6.37,19
47,Binding Comb v07,Office Supplies,2022-03,2022-W09,180,1409.3999999999999,7.5,24
47,Binding Comb v07,Office Supplies,2022-04,2022-W13,269,2106.27,11.21,24
47,Binding Comb v07,Office Supplies,2022-05,2022-W18,225,1761.7499999999998,12.5,18
47,Binding Comb v07,Office Supplies,2022-06,2022-W22,198,1550.3400000000001,11.65,17
47,Binding Comb v07,Office Supplies,2022-07,2022-W26,181,1417.23,10.65,17
47,Binding Comb v07,Office Supplies,2022-08,2022-W31,211,1652.1299999999999,11.11,19
47,Binding Comb v07,Office Supplies,2022-09,2022-W35,181,1417.23,11.31,16
47,Binding Comb v07,Office Supplies,2022-10,2022-W39,196,1534.6799999999998,9.33,21
47,Binding Comb v07,Office Supplies,2022-11,2022-W44,202,1581.66,9.18,22
47,Binding Comb v07,Office Supplies,2022-12,2022-W48,205,1605.15,9.32,22
47,Binding Comb v07,Office Supplies,2023-01,2023-W00,157,1229.31,7.85,20
47,Binding Comb v07,Office Supplies,2023-02,2023-W05,129,1010.0699999999998,7.17,18
47,Binding Comb v07,Office Supplies,2023-03,2023-W09,192,1503.3600000000001,8.73,22
47,Binding Comb v07,Office Supplies,2023-04,2023-W13,201,1573.83,11.17,18
47,Binding Comb v07,Office Supplies,2023-05,2023-W18,268,2098.4400000000005,12.18,22
47,Binding Comb v07,Office Supplies,2023-06,2023-W22,221,1730.4299999999998,13.0,17
47,Binding Comb v07,Office Supplies,2023-07,2023-W26,225,1761.7499999999995,12.5,18
47,Binding Comb v07,Office Supplies,2023-08,2023-W31,237,1855.71,11.29,21
47,Binding Comb v07,Office Supplies,2023-09,2023-W35,245,1918.35,12.25,20
47,Binding Comb v07,Office Supplies,2023-10,2023-W39,204,1597.32,10.2,20
47,Binding Comb v07,Office Supplies,2023-11,2023-W44,196,1534.68,10.32,19
47,Binding Comb v07,Office Supplies,2023-12,2023-W48,274,2145.4200000000005,10.15,27
48,Sticky Note Pad v08,Office Supplies,2022-01,2022-W00,82,542.8400000000001,4.32,19
48,Sticky Note Pad v08,Office Supplies,2022-02,2022-W05,64,423.6800000000001,4.27,15
48,Sticky Note Pad v08,Office Supplies,2022-03,2022-W09,76,503.1200000000001,5.07,15
48,Sticky Note Pad v08,Office Supplies,2022-04,2022-W13,120,794.4000000000003,6.32,19
48,Sticky Note Pad v08,Office Supplies,2022-05,2022-W18,100,662.0,7.69,13
48,Sticky Note Pad v08,Office Supplies,2022-06,2022-W22,139,920.1800000000003,7.72,18
48,Sticky Note Pad v08,Office Supplies,2022-07,2022-W26,122,807.6400000000002,7.18,17
48,Sticky Note Pad v08,Office Supplies,2022-08,2022-W31,141,933.4200000000003,6.71,21
48,Sticky Note Pad v08,Office Supplies,2022-09,2022-W35,103,681.8600000000002,6.87,15
48,Sticky Note Pad v08,Office Supplies,2022-10,2022-W39,111,734.8200000000003,6.17,18
48,Sticky Note Pad v08,Office Supplies,2022-11,2022-W44,86,569.3200000000002,5.73,15
48,Sticky Note Pad v08,Office Supplies,2022-12,2022-W48,90,595.8000000000002,5.0,18
48,Sticky Note Pad v08,Office Supplies,2023-01,2023-W00,92,609.0400000000002,5.11,18
48,Sticky Note Pad v08,Office Supplies,2023-02,2023-W05,51,337.62,3.92,13
48,Sticky Note Pad v08,Office Supplies,2023-03,2023-W09,77,509.74,5.92,13
48,Sticky Note Pad v08,Office Supplies,2023-04,2023-W13,105,695.1,7.5,14
48,Sticky Note Pad v08,Office Supplies,2023-05,2023-W18,156,1032.72,9.18,17
48,Sticky Note Pad v08,Office Supplies,2023-06,2023-W22,121,801.0200000000002,8.07,15
48,Sticky Note Pad v08,Office Supplies,2023-07,2023-W26,123,814.2600000000001,7.69,16
48,Sticky Note Pad v08,Office Supplies,2023-08,2023-W31,131,867.2200000000003,8.19,16
48,Sticky Note Pad v08,Office Supplies,2023-09,2023-W35,72,476.63999999999993,8.0,9
48,Sticky Note Pad v08,Office Supplies,2023-10,2023-W39,72,476.64,6.55,11
48,Sticky Note Pad v08,Office Supplies,2023-11,2023-W44,71,470.0200000000001,5.92,12
48,Sticky Note Pad v08,Office Supplies,2023-12,2023-W48,114,754.6800000000002,6.33,18
49,Correction Tape v09,Office Supplies,2022-01,2022-W00,413,2151.73,24.29,17
49,Correction Tape v09,Office Supplies,2022-02,2022-W05,388,2021.48,22.82,17
49,Correction Tape v09,Office Supplies,2022-03,2022-W09,352,1833.9200000000005,23.47,15
49,Correction Tape v09,Office Supplies,2022-04,2022-W13,590,3073.9,31.05,19
49,Correction Tape v09,Office Supplies,2022-05,2022-W17,566,2948.86,29.79,19
49,Correction Tape v09,Office Supplies,2022-06,2022-W22,637,3318.7700000000004,33.53,19
49,Correction Tape v09,Office Supplies,2022-07,2022-W27,590,3073.9000000000005,31.05,19
49,Correction Tape v09,Office Supplies,2022-08,2022-W31,820,4272.2,31.54,26
49,Correction Tape v09,Office Supplies,2022-09,2022-W35,577,3006.169999999999,32.06,18
49,Correction Tape v09,Office Supplies,2022-10,2022-W40,606,3157.26,28.86,21
49,Correction Tape v09,Office Supplies,2022-11,2022-W44,600,3126.0,28.57,21
49,Correction Tape v09,Office Supplies,2022-12,2022-W48,378,1969.3799999999997,29.08,13
49,Correction Tape v09,Office Supplies,2023-01,2023-W02,343,1787.0300000000002,26.38,13
49,Correction Tape v09,Office Supplies,2023-02,2023-W05,336,1750.5600000000002,24.0,14
49,Correction Tape v09,Office Supplies,2023-03,2023-W09,573,2985.3299999999995,28.65,20
49,Correction Tape v09,Office Supplies,2023-04,2023-W14,460,2396.6000000000004,35.38,13
49,Correction Tape v09,Office Supplies,2023-05,2023-W18,789,4110.6900000000005,39.45,20
49,Correction Tape v09,Office Supplies,2023-06,2023-W22,465,2422.6499999999996,33.21,14
49,Correction Tape v09,Office Supplies,2023-07,2023-W26,650,3386.5,34.21,19
49,Correction Tape v09,Office Supplies,2023-08,2023-W31,655,3412.55,36.39,18
49,Correction Tape v09,Office Supplies,2023-09,2023-W35,745,3881.449999999999,35.48,21
49,Correction Tape v09,Office Supplies,2023-10,2023-W40,489,2547.69,32.6,15
49,Correction Tape v09,Office Supplies,2023-11,2023-W44,686,3574.0600000000004,32.67,21
49,Correction Tape v09,Office Supplies,2023-12,2023-W48,623,3245.8299999999995,31.15,20
50,Index Card Pack v10,Office Supplies,2022-01,2022-W00,163,981.2599999999999,7.09,23
50,Index Card Pack v10,Office Supplies,2022-02,2022-W05,129,776.58,6.14,21
50,Index Card Pack v10,Office Supplies,2022-03,2022-W09,192,1155.84,7.68,25
50,Index Card Pack v10,Office Supplies,2022-04,2022-W13,254,1529.08,11.55,22
50,Index Card Pack v10,Office Supplies,2022-05,2022-W17,265,1595.3,12.62,21
50,Index Card Pack v10,Office Supplies,2022-06,2022-W22,210,1264.2000000000003,11.67,18
50,Index Card Pack v10,Office Supplies,2022-07,2022-W26,215,1294.3000000000002,11.32,19
50,Index Card Pack v10,Office Supplies,2022-08,2022-W31,270,1625.4000000000003,10.8,25
50,Index Card Pack v10,Office Supplies,2022-09,2022-W35,204,1228.0800000000002,10.74,19
50,Index Card Pack v10,Office Supplies,2022-10,2022-W39,238,1432.7600000000004,9.15,26
50,Index Card Pack v10,Office Supplies,2022-11,2022-W44,195,1173.9,9.29,21
50,Index Card Pack v10,Office Supplies,2022-12,2022-W48,200,1204.0,9.09,22
50,Index Card Pack v10,Office Supplies,2023-01,2023-W00,205,1234.0999999999997,7.88,26
50,Index Card Pack v10,Office Supplies,2023-02,2023-W05,147,884.9399999999998,7.0,21
50,Index Card Pack v10,Office Supplies,2023-03,2023-W09,166,999.3199999999998,8.74,19
50,Index Card Pack v10,Office Supplies,2023-04,2023-W13,262,1577.24,11.91,22
50,Index Card Pack v10,Office Supplies,2023-05,2023-W18,284,1709.6799999999996,14.2,20
50,Index Card Pack v10,Office Supplies,2023-06,2023-W22,225,1354.5,13.24,17
50,Index Card Pack v10,Office Supplies,2023-07,2023-W26,293,1763.8600000000001,12.21,24
50,Index Card Pack v10,Office Supplies,2023-08,2023-W31,254,1529.0800000000002,12.1,21
50,Index Card Pack v10,Office Supplies,2023-09,2023-W35,244,1468.8800000000003,11.62,21
50,Index Card Pack v10,Office Supplies,2023-10,2023-W39,250,1505.0,10.87,23
50,Index Card Pack v10,Office Supplies,2023-11,2023-W44,225,1354.5000000000002,9.78,23
50,Index Card Pack v10,Office Supplies,2023-12,2023-W48,218,1312.3600000000004,9.91,22
